,actor0,actor1,actor2,actor3
0,Govinda,Aishwarya Rai Bachchan,Jackie Shroff,Namrata Shirodkar
1,Aamir Khan,Gracy Singh,Rachel Shelley,Paul Blackthorne
2,Akshay Kumar,Sridevi,Gulshan Grover,Laxmikant Berde
3,Shah Rukh Khan,Madhuri Dixit,Salman Khan,Atul Agnihotri
4,Shah Rukh Khan,Juhi Chawla,Jackie Shroff,Nirmal Pandey
5,Shah Rukh Khan,Madhuri Dixit,Aishwarya Rai Bachchan,Jackie Shroff
6,Hrithik Roshan,Ameesha Patel,Kiran Kumar,Mukesh Tiwari
7,Amitabh Bachchan,Jaya Bhaduri,Shah Rukh Khan,Kajol
8,Saif Ali Khan,Hrithik Roshan,Esha Deol,Alok Nath
9,Jackie Shroff,Hrithik Roshan,Kareena Kapoor,Amrish Puri
10,Karisma Kapoor,Rekha,Manoj Bajpayee,Rajit Kapoor
11,Preity Zinta,Salman Khan,Rani Mukerji,Amrish Puri
12,Hrithik Roshan,Kareena Kapoor,Abhishek Bachchan,Johnny Lever
13,Sunil Shetty,Raveena Tandon,Danny Denzongpa,Sadashiv Amrapurkar
14,Tabu,Atul Kulkarni,Rajpal Yadav,Shri Vallabh Vyas
15,Kajol,Rishi Kapoor,Rati Agnihotri,Sunil Shetty
16,Dev Anand,Hema Malini,Shammi Kapoor,Rekha
17,Sunny Deol,Preity Zinta,Jackie Shroff,Om Puri
18,Rekha,Naseeruddin Shah,Arshad Warsi,Suman Ranganathan
19,Rani Mukerji,Hrithik Roshan,Kareena Kapoor,Uday Chopra
20,Raveena Tandon,Sayaji Shinde,Sanjay Suri,Raima Sen
21,Bobby Deol,Rahul Dev,Dinesh Hingoo,Vrajesh Hirjee
22,Sadashiv Amrapurkar,Vinay Anand,Pooja Batra,Govinda
23,Rani Mukerji,Govinda,Om Puri,Laxmikant Berde
24,Jackie Shroff,Manisha Koirala,Anupama Verma,Prasad Purandhare
25,Neha,Rajeshwari Sachdev,Gulshan Grover,Nina Kulkarni
26,Akshay Kumar,Bobby Deol,Kareena Kapoor,Bipasha Basu
27,Sanjay Dutt,Govinda,Twinkle Khanna,Monica Bedi
28,Tinnu Anand,Raj Babbar,Laxmikant Berde,Avtar Gill
29,Jimi Mistry,Heather Graham,Marisa Tomei,Michael McKean
30,Fardeen Khan,Ravi Baswani,Kannu Gill,Sonali Kulkarni
31,Rani Mukerji,Abhishek Bachchan,Sushmita Sen,Jackie Shroff
32,Sunny Deol,Ameesha Patel,Amrish Puri,Lillete Dubey
33,Tusshar Kapoor,Kareena Kapoor,Amrish Puri,Rinke Khanna
34,Karan Nath,Aarti Agarwal,Vilas Ujawane,Bharat Dabholkar
35,Saif Ali Khan,Fardeen Khan,Aftab Shivdasani,Sonali Bendre
36,Puru Rajkumar,Dipti Bhatnagar,Kanchan,Laxmikant Berde
37,Amitabh Bachchan,Raveena Tandon,Manoj Bajpayee,Nandita Das
38,Priyanshu Chatterjee,Himanshu Malik,Sandali Sinha,Raqesh Vashisth
39,Anil Kapoor,Rani Mukerji,Amrish Puri,Johnny Lever
40,Aamir Khan,Saif Ali Khan,Akshaye Khanna,Preity Zinta
41,Fardeen Khan,Reema Sen,Apoorva Agnihotri,Suman Ranganathan
42,Ajay Devgn,Madhuri Dixit,Preity Zinta,Vikram Gokhale
43,Rekha,Anil Kapoor,Jackie Shroff,Madhuri Dixit
44,Amitabh Bachchan,Sanjay Dutt,Sunil Shetty,Mahesh Manjrekar
45,Sudhir Dalvi,Dharmendra,Vikram Gokhale,Rohini Hattangadi
46,Neeru Bajwa,Ruby Bhatia,Vekeana Dhillon,Vikram Dhillon
47,Ajay Devgn,Mohanlal,Manisha Koirala,Seema Biswas
48,Sunil Shetty,Mukul Dev,Pooja Batra,Anupama Verma
49,Sunil Shetty,Mahima Chaudhry,Paresh Rawal,Saurabh Shukla
50,Ameesha Patel,Jimmy Shergill,Nafisa Ali,Gulshan Grover
51,Madhavan,Saif Ali Khan,Dia Mirza,Vrajesh Hirjee
52,Malaika Arora,Raj Babbar,Rana Jung Bahadur,Balwant Bansal
53,Arjun Rampal,Dia Mirza,Vinod Khanna,Om Puri
54,Arjun Rampal,Manisha Koirala,Kalpana Pandit,Suresh Oberoi
55,Ajay Devgn,Sonali Bendre,Namrata Shirodkar,Prem Chopra
56,Anand Raj Anand,Sunidhi Chauhan,Nagesh Haldankar,Shakti Kapoor
57,Shailendra Gaur,Pankaj Berry,Tom Alter,Hemant Birje
58,Govinda,Juhi Chawla,Tabu,Chandrachur Singh
59,Sanjay Dutt,Nandita Das,Sachin Khedekar,Tanvi Hegde
60,Amitabh Bachchan,Akshay Kumar,Sushmita Sen,Arjun Rampal
61,Jaya Bhaduri,Aftab Shivdasani,Sanjay Kapoor,Juliet Alburque
62,Sharman Joshi,Sahil Khan,Riya Sen,Shillpi Sharma
63,Sunny Deol,Tabu,Arbaaz Khan,Tinnu Verma
64,Jividha Sharma,Mohan Azaad,Arun Bakshi,Rajat Bedi
65,Tabu,Sushmita Sen,Sanjay Suri,Palash Sen
66,Akshay Kumar,Karisma Kapoor,Abhishek Bachchan,Kader Khan
67,Akanksha Malhotra,Rahul Bhat,Nasir Khan,Pinky Campbell
68,Salman Khan,Sushmita Sen,Dia Mirza,Sharat Saxena
69,Vinod Khanna,Bobby Deol,Ameesha Patel,Rati Agnihotri
70,Manisha Koirala,Nawab Shah,Vineeta Malik,Prithvi Zutshi
71,Jackie Shroff,Aftab Shivdasani,Ameesha Patel,Anupama Verma
72,Fardeen Khan,Amrita Arora,Satish Shah,Tiku Talsania
73,Nana Patekar,Anupama Verma,Puru Rajkumar,Nakhul
74,Danny Denzongpa,Gulshan Grover,Milind Soman,Dipannita Sharma
75,Vivek Oberoi,Dia Mirza,Atul Kulkarni,Mukesh Rishi
76,J.D. Chakravarthi,Snehal Dabi,Jayaprakash,Priyanka
77,Arjun Rampal,Ameesha Patel,Bobby Deol,Achint Kaur
78,Manoj Bajpayee,Vivek Oberoi,Antara Mali,Sayaji Shinde
79,Vinay Anand,Rana Jung Bahadur,Rajat Bedi,Sanober Kabir
80,Om Puri,Ashutosh Rana,Abbas,Sharbani Mukherji
81,Nandita Das,Sharad S. Kapoor,Makrand Deshpande,Vijay Raaz
82,Krishna Abhishek,Viveka Babajee,Sheeba Bhakri,Deeksha
83,Naseeruddin Shah,Sunny Deol,Chunky Pandey,Neelam
84,Akshay Kumar,Sunil Shetty,Aftab Shivdasani,Preeti Jhangiani
85,Ajay Devgn,Sushant Singh,D. Santosh,Akhilendra Mishra
86,Arya Babbar,Amrita Rao,Ashutosh Rana,Shakti Kapoor
87,Uday Chopra,Tulip Joshi,Jimmy Shergill,Bipasha Basu
88,Amitabh Bachchan,Hrithik Roshan,Preity Zinta,Sharad S. Kapoor
89,Bobby Deol,Sunny Deol,Amrita Singh,Rahul Dev
90,Anil Kapoor,Anang Desai,Rohini Hattangadi,Vinay Jain
91,Bobby Deol,Akshaye Khanna,Ameesha Patel,Johnny Lever
92,Sohail Khan,Sameera Reddy,Sanjay Dutt,Kabir Bedi
93,Ajay Devgn,Sonali Bendre,Rani Mukerji,Kamini Kaushal
94,Akshay Kumar,Atul Agnihotri,Raj Babbar,Rajat Bedi
95,Vikram Gokhale,Dinesh Hingoo,Adi Irani,Farida Jalal
96,Rajesh Khanna,Tusshar Kapoor,Esha Deol,Raj Babbar
97,Waheeda Rehman,Anil Kapoor,Fardeen Khan,Abhishek Bachchan
98,Zulfi Sayed,Sonya Jehan,Kabir Bedi,Arbaaz Khan
99,Rishi Kapoor,Salman Khan,Ameesha Patel,Rati Agnihotri
100,Shahid Kapoor,Smita Jaykar,Ayesha Takia,Tulip Joshi
101,Arjun Rampal,Preity Zinta,Mahima Chaudhry,Jimmy Shergill
102,Sanjay Kapoor,Raveena Tandon,Aditi Govitrikar,Arbaaz Khan
103,Amitabh Bachchan,Jackie Shroff,Gulshan Grover,Padma Lakshmi
104,Arjun Rampal,Aishwarya Rai Bachchan,Priyanshu Chatterjee,Rakhee Gulzar
105,Raveena Tandon,Namrata Shirodkar,Rinke Khanna,Divya Dutta
106,Vivek Oberoi,Rani Mukerji,Tanuja,Satish Shah
107,Bobby Deol,Om Puri,Paresh Rawal,Shekhar Suman
108,Bipasha Basu,Dino Morea,Ashutosh Rana,Banjara
109,Govinda,Raveena Tandon,Kader Khan,Shakti Kapoor
110,Kay Kay Menon,Jaya Seal,Naved Aslam,Shri Vallabh Vyas
111,Saroj Bhargava,Manisha Koirala,Aditya Seal,Ranvir Shorey
112,Karisma Kapoor,Nana Patekar,Sanjay Kapoor,Jai Gidwani
113,Amitabh Bachchan,Anil Kapoor,Preity Zinta,Gracy Singh
114,Lucky Ali,Simone Singh,Achint Kaur,Ehsan Khan
115,Madhavan,Jimmy Shergill,Sanjay Suri,Namrata Shirodkar
116,Aftab Shivdasani,Anang Desai,Dinesh Hingoo,Smita Jaykar
117,Amitabh Bachchan,Hema Malini,Aman Verma,Samir Soni
118,Sanjay Dutt,Shilpa Shetty,Sharad S. Kapoor,Shakti Kapoor
119,Vijayendra Ghatge,Kareena Kapoor,Tusshar Kapoor,Kader Khan
120,Ajay Devgn,Akshaye Khanna,Urmila Matondkar,Farida Jalal
121,Sunil Shetty,Raveena Tandon,Mohan Joshi,Mohnish Bahl
122,Rakhee Gulzar,Akshay Kumar,Kareena Kapoor,Pooja Batra
123,Prashant Chianani,Aamir Ali Malik,Vaibhav Jhalani,Yash Pandit
124,Sanjay Dutt,Sunil Shetty,Ashutosh Rana,Preeti Jhangiani
125,Sunil Shetty,Raveena Tandon,Shekhar Suman,Isha Koppikar
126,Govinda,Raveena Tandon,Preeti Jhangiani,Shakti Kapoor
127,Sunny Deol,Tabu,Reema Sen,Anupam Kher
128,Gurdas Mann,Tabu,Ashish Vidyarthi,Rajit Kapoor
129,Ajay Devgn,Urmila Matondkar,Nana Patekar,Rekha
130,Sunil Shetty,Namrata Shirodkar,Inder Kumar,Manek Bedi
131,Anil Kapoor,Karisma Kapoor,Shilpa Shetty,Kaivalya Chheda
132,Raveena Tandon,Atul Kulkarni,Shri Vallabh Vyas,Govind Namdeo
133,Sunny Deol,Sunil Shetty,Shilpa Shetty,Ashutosh Rana
134,Zayed Khan,Esha Deol,Gulshan Grover,Rakhi Sawant
135,Ashutosh Rana,Tara Deshpande,Jas Arora,Shishir Sharma
136,Dev Anand,Heenee Kaushik,Shoib Khan,Chaitanya Chaudhary
137,Aamir Khan,Rani Mukerji,Toby Stephens,Coral Beed
138,Akshay Kumar,Lara Dutta,Priyanka Chopra,Rajeev Verma
139,Ajinkya Deo,Nethra Raghuraman,Sayaji Shinde,Rohini Hattangadi
140,Shah Rukh Khan,Rani Mukerji,Jas Arora,Satish Shah
141,Sunny Deol,Preity Zinta,Priyanka Chopra,Amrish Puri
142,Sanjay Suri,Rahul Bose,Juhi Chawla,Rinke Khanna
143,Shah Rukh Khan,Preity Zinta,Saif Ali Khan,Jaya Bhaduri
144,Amitabh Bachchan,Akshay Kumar,Ajay Devgn,Aishwarya Rai Bachchan
145,Sanjay Dutt,Ajay Devgn,Saif Ali Khan,Sunil Shetty
146,Shah Rukh Khan,Sushmita Sen,Sunil Shetty,Zayed Khan
147,Urmila Matondkar,Manoj Bajpayee,Sanjay Suri,Sandali Sinha
148,Shabana Azmi,Urmila Matondkar,Arjun Rampal,Dia Mirza
149,Imran Ahmed Khan,Sonali Khare,Neelu Kohli,Hiten Paintal
150,Ritesh Deshmukh,Shakti Kapoor,Supriya Karnik,Satish Shah
151,Pummy Brar,Priyanshu Chatterjee,Crystal,Harry
152,Fardeen Khan,Kareena Kapoor,Amrish Puri,Amitabh Bachchan
153,Ashay Chitre,Esha Deol,Anita Hassandani,Vrajesh Hirjee
154,Govinda,Kader Khan,Rani Mukerji,Zohra Segal
155,Bipasha Basu,John Abraham,Gulshan Grover,Vinay Pathak
156,Atul Kulkarni,Rahul Dev,Suchitra Pillai-Malik,Shweta Menon
157,Jackie Shroff,Sunil Shetty,Karisma Kapoor,Dino Morea
158,Sameera Reddy,Antara Mali,Sohail Khan,Saif Ali Khan
159,Manoj Bajpayee,Isha Koppikar,Nethra Raghuraman,Parmita Katkar
160,Himanshu Malik,Mallika Sherawat,Shivaji Satam,Mahmud Babai
161,Amitabh Bachchan,Vivek Oberoi,Aishwarya Rai Bachchan,Om Puri
162,Saif Ali Khan,Urmila Matondkar,Seema Biswas,Aditya Srivastava
163,Juhi Babbar,Sonu Nigam,Om Puri,Sharad S. Kapoor
164,Tanisha,Dino Morea,Karan Nath,Gaurav Kapoor
165,Amar Upadhyaya,Aditi Govitrikar,Apoorva Agnihotri,Divya Palat
166,Sanjay Dutt,Govinda,Amrita Arora,Nandini Singh
167,Kiran Janjani,Vikas Sethi,Adyasha,Mink Singh
168,Kay Kay Menon,Aditya Srivastava,Joy Fernandes,Vijay Maurya
169,Raveena Tandon,Alyy Khan,Salman Khan,Viju Khote
170,Attin Bhalla,Sandali Sinha,Smita Jaykar,Pankaj Dheer
171,Nandita Das,Uday Chopra,Rahul Dev,Purab Kohli
172,Jimmy Shergill,Hrishitaa Bhatt,Irrfan Khan,Ashutosh Rana
173,Shahid Kapoor,Amrita Rao,Shenaz Treasury,Vishal Malhotra
174,Vikas Kalantri,Anuj Sawhney,Aslam Khan,Mahek Chahal
175,Shatrughan Sinha,Akshay Kumar,Sunil Shetty,Paresh Rawal
176,Anil Kapoor,Akshay Kumar,Kareena Kapoor,Sushmita Sen
177,Victor Banerjee,Perizaad Zorabian,Divya Dutta,Khalid Siddiqui
178,Abhishek Bachchan,Lara Dutta,Chunky Pandey,Aditya Lakhia
179,Amitabh Bachchan,Om Puri,Fardeen Khan,Kareena Kapoor
180,Sanjay Dutt,Dino Morea,Sanjay Suri,Bikram Saluja
181,Ajay Devgn,Sunil Shetty,Sanjay Kapoor,Arbaaz Khan
182,Anil Kapoor,Rani Mukerji,Manisha Koirala,Satish Kaushik
183,Feroz Khan,Fardeen Khan,Celina Jaitly,Pinky Harwani
184,Sunny Deol,Dharmendra,Amit Hingorani,Farida Jalal
185,Tabu,Raghuvir Yadav,Nadira Babbar,Kunal Kapoor
186,Ajay Devgn,Ameesha Patel,Pooja Batra,Jagdeep
187,Sanjay Dutt,Bipasha Basu,Sunil Shetty,Isha Koppikar
188,Shah Rukh Khan,Gayatri Joshi,Kishori Balal,Smith Seth
189,Arjun Rampal,Naseeruddin Shah,Priyanka Chopra,Singh Surendra
190,Jaya Bhaduri,Sabyasachi Chakraborty,Subhendu Chatterjee,Gyanesh Mukherjee
191,Javed Jaffrey,Gulshan Grover,Joy Fernandes,Nishith Dadhich
192,Tabu,Shahbaaz Khan,Mukesh Tiwari,Imran Khan
193,Aishwarya Rai Bachchan,Abhishek Bachchan,Satish Shah,Suhasini Mulay
194,Akshaye Khanna,Aftab Shivdasani,Rimi Sen,Paresh Rawal
195,Sunny Deol,Sunil Shetty,Ajay Jadeja,Celina Jaitly
196,John Abraham,Tara Sharma,Mahima Chaudhry,Zohra Segal
197,Ajay Devgn,Gracy Singh,Mohan Joshi,Yashpal Sharma
198,Sunil Shetty,Tabu,Gulshan Grover,Pankaj Dheer
199,Govinda,Preity Zinta,Prem Chopra,Sadashiv Amrapurkar
200,Salman Khan,Bhoomika Chawla,Mahima Chaudhry,Sachin Khedekar
201,Aftab Shivdasani,Bipasha Basu,Rahul Dev,Emraan Hashmi
202,Antara Mali,Rajpal Yadav,Asif Basra,Rita Bhaduri
203,Sunil Dutt,Sanjay Dutt,Arshad Warsi,Gracy Singh
204,Amitabh Bachchan,Rani Mukerji,Shernaz Patel,Ayesha Kapoor
205,Naseeruddin Shah,Dilip Prabhavalkar,Tara Deshpande,Akash Khurana
206,Sadashiv Amrapurkar,Liyaqat Bari,Brij Gopal,Rajendra Gupta
207,Vijay Raaz,Sadiya Siddiqui,Saurabh Shukla,Maria Goretti
208,Amitabh Bachchan,John Abraham,Bipasha Basu,Supriya Pilgaonkar
209,Babbu Mann,Ammtoje Mann,Mahie Gill,Mukul Dev
210,Saif Ali Khan,Rani Mukerji,Kiron Kher,Rati Agnihotri
211,Om Puri,Nandita Das,Amitabh Dayal,Aditya Kotdar
212,Sohail Khan,Tim Lawrence,Scott Hinds,Phil Jones
213,Rahul Bose,Ahmed Chaudhary,Nandita Das,Vinit Kumar
214,Zulfi Sayed,Masumeh Makhija,Rati Agnihotri,Tinnu Anand
215,Manisha Koirala,Suman Ranganathan,Aryan Vaid,Shweta Menon
216,Suneil Anand,Ting Leung,Sadashiv Amrapurkar,Leher Kala
217,Rahul Bose,Perizaad Zorabian,Vijay Raaz,Saurabh Shukla
218,Ajay Devgn,Abhishek Bachchan,Rani Mukerji,Vivek Oberoi
219,Ajay Devgn,Abhishek Bachchan,Bipasha Basu,Mukesh Tiwari
220,Sharman Joshi,Sahil Khan,Anil Chaudhary,Snehal Dabi
221,Sushmita Sen,Lucy Bartholomew,Tushar Dalvi,Jatin Karia
222,Shah Rukh Khan,Raveena Tandon,Navneet Nishan,Avtar Gill
223,Faisal Khan,Rajat Bedi,Aditya Pancholi,Priya Gill
224,Nauheed Cyrusi,Avtar Gill,Vidya Malvade,Ashmit Patel
225,Sadashiv Amrapurkar,Rakesh Bedi,Kajal Chakraborty,Aarti Chhabria
226,Arjan Bajwa,Rajat Bedi,Gaurav Chanana,Prem Chopra
227,Om Puri,Revathy,Gul Panag,Preeti Dayal
228,Rotem Bar,Rakesh Bedi,Avtar Gill,Gulshan Grover
229,Mukesh Ahuja,Abhay Bhargav,Suresh Chatwal,Milind Gunaji
230,Arshad Warsi,Prashant Narayanan,Sandhya Mridul,Pratima Kazmi
231,Amitabh Bachchan,Sanjay Dutt,Akshaye Khanna,Amrita Rao
232,Brande Roderick,Noemi Besedes,Hrishitaa Bhatt,Ritesh Deshmukh
233,Arun Bakshi,Suchindra Bali,Poonam Jhawer,Ayesha Jhulka
234,Shahbaaz Khan,Kulbhushan Kharbanda,Poornima Pathwardhan,Raghu Raj
235,Amitabh Bachchan,Akshay Kumar,Priyanka Chopra,Shefali Shetty
236,Kapil Jhaveri,Saloni Aswani,Amrish Puri,Ashutosh Rana
237,Devaraj,Dimple,Feroz,Reena Kapoor
238,Kavi Kumar Azad,Amitabh Bachchan,Charlie,Sweety Chhabra
239,Pankaj Berry,Rahul Bhat,Seema Biswas,Gayatri
240,Bobby Deol,Priyanka Chopra,Kabir Bedi,Sanjay Narvekar
241,Deepak Bandhu,Ashney Shroff,Vicky Ahuja,Ravindra Bundela
242,Beena Banerjee,Bipasha Basu,Mohan Gokhale,Vikram Gokhale
243,Arya Babbar,Prashant Narayanan,Aditya Srivastava,Rajat Kapoor
244,Shama Deshpande,Vikram Gokhale,Ayesha Jhulka,Sharad S. Kapoor
245,Jugal Hansraj,Tina Rana,Sachin Khedekar,Vishnu Sharma
246,Vivek Oberoi,Isha Sharvani,Antonia Bernath,Sushmita Sen
247,Manisha Koirala,Sushmita Sen,Sushant Singh,Mukesh Ahuja
248,Amitabh Bachchan,Akshay Kumar,Bobby Deol,Divya Khosla
249,Sanjay Kapoor,Raveena Tandon,Manoj Bajpayee,Puru Rajkumar
250,Nana Patekar,Revathy,Yashpal Sharma,Mohan Agashe
251,Aftab Shivdasani,Ameesha Patel,Gulshan Grover,Asrani
252,Manisha Koirala,Karan Nath,Rajat Kapoor,Nataneya Singh
253,Sonakshi Sinha,Shahid Kapoor,Ajay Devgn,Sunil Shetty
254,Amitabh Bachchan,Dimple Kapadia,Dharmendra,Moushumi Chatterjee
255,Dino Morea,Namrata Shirodkar,Sanjay Suri,Henna
256,Ajay Devgn,Aishwarya Rai Bachchan,Annu Kapoor,Mouli Ganguly
257,Mallika Sherawat,Ashmit Patel,Emraan Hashmi,Kashmira Shah
258,Aamir Khan,Siddharth,Sharman Joshi,Kunal Kapoor
259,Aftab Shivdasani,Vivek Oberoi,Ritesh Deshmukh,Amrita Rao
260,Shawar Ali,Tarun Arora,Madina,Meghna Naidu
261,Sohail Khan,Isha Koppikar,Anita Hassandani,Rati Agnihotri
262,Aftab Shivdasani,Gracy Singh,Parvin Dabas,Gulshan Grover
263,Sanjay Dutt,Aishwarya Rai Bachchan,Zayed Khan,Aakash Pandey
264,Bobby Deol,Lara Dutta,Rahul Dev,Ritesh Deshmukh
265,Amrita Arora,Asrani,Snehal Dabi,Vrajesh Hirjee
266,Abhishek Bachchan,Bhoomika Chawla,Mahesh Manjrekar,Vijay Raaz
267,Rasika Joshi,Tusshar Kapoor,Ikhlaq Khan,Antara Mali
268,Sanjay Suri,Mandira Bedi,Aashish Chaudhary,Divya Dutta
269,Konkona Sen Sharma,Yashpal Sharma,Brinda Karat,Ankur Khanna
270,Amrita Arora,Shantanu Chappana,Aashish Chaudhary,Isha Koppikar
271,Salman Khan,Shilpa Shetty,Arbaaz Khan,Farida Jalal
272,Priyanshu Chatterjee,Cleo Isaacs,Kasam,Ayub Khan
273,Sanjay Dutt,Sunil Shetty,Abhishek Bachchan,Zayed Khan
274,Ajay Devgn,Vivek Oberoi,John Abraham,Lara Dutta
275,Akshay Kumar,Raveena Tandon,Amrish Puri,Mohan Joshi
276,Vicky Ahuja,J.D. Chakravarthi,Ahsaas Channa,Peeya Rai Chowdhary
277,Arjun Rampal,Ameesha Patel,John Abraham,Lara Dutta
278,Sanjay Dutt,Sunil Shetty,Bipasha Basu,Dino Morea
279,Salman Khan,Akshay Kumar,Priyanka Chopra,Amrish Puri
280,Akshay Kumar,Kareena Kapoor,Priyanka Chopra,Amrish Puri
281,Ashutosh Rana,Sharad S. Kapoor,Nethra Raghuraman,Ganesh Yadav
282,Akshay Kumar,Karisma Kapoor,Ameesha Patel,Gulshan Grover
283,Akshay Kumar,Sunil Shetty,Paresh Rawal,Bipasha Basu
284,Amitabh Bachchan,Salman Khan,Hema Malini,John Abraham
285,Tisca Chopra,Jyoti Dogra,Anuj Gurwara,Elahe Hiptoola
286,Shabana Azmi,Prakash Rao,Lillete Dubey,Perizaad Zorabian
287,Kashmira Shah,Kiran Kumar,Ayub Khan,Javed Khan
288,Amitabh Bachchan,Sharmila Tagore,John Abraham,Sanjay Dutt
289,Shah Rukh Khan,Preity Zinta,Rani Mukerji,Kiron Kher
290,Neha Dhupia,Priyanshu Chatterjee,Yash Tonk,Sanjay Kapoor
291,Abhishek Bachchan,Uday Chopra,John Abraham,Esha Deol
292,Kareena Kapoor,Fardeen Khan,Shahid Kapoor,Kim Sharma
293,Salman Khan,Abhishek Bachchan,Shilpa Shetty,Mita Vasisht
294,Sunny Deol,Yash Pandit,Manjari Phadnis,Carran Kapur
295,Sunny Deol,Sunil Shetty,Sohail Khan,John Abraham
296,Sudesh Berry,Anu Kashyap,Amit Pachori,Jitender
297,Laxmikant Berde,Bobby Darling,Amin Gazi,Ayub Khan
298,Jackie Shroff,Raveena Tandon,Mahima Chaudhry,Gulshan Grover
299,Bipasha Basu,John Abraham,Priyanshu Chatterjee,Prakash Bhardwaj
300,Anil Kapoor,Sameera Reddy,Aditya Pancholi,Mahesh Manjrekar
301,Akshay Kapoor,Tanisha,Yash Tonk,Deepak Tijori
302,Salman Khan,Shilpa Shetty,Reema Lagoo,Mohnish Bahl
303,Emraan Hashmi,Dia Mirza,Anupam Kher,Sharat Saxena
304,Amitabh Bachchan,Abhishek Bachchan,Kay Kay Menon,Supriya Pathak
305,Audhitya Singh,Sheetal Bavishi,Om Puri,Ashish Vidyarthi
306,Akshay Kumar,Varsha Usgaonkar,Navin Nischol,Reema Lagoo
307,Rekha,Hrithik Roshan,Priyanka Chopra,Sharat Saxena
308,Antara Mali,Abhishek Bachchan,Ritesh Deshmukh,Priya Badlani
309,Sunil Shetty,Masumeh Makhija,Mahesh Manjrekar,Johnny Lever
310,Anupam Kher,Aftab Shivdasani,Shriya Saran,Indraneel
311,Vatsal Seth,Ayesha Takia,Ajay Devgn,Farida Jalal
312,Sunny Deol,Thomas Tevana,Gary Castro Churchwell,Kamaal Khan
313,Amitabh Bachchan,Akshay Kumar,Bhoomika Chawla,Aryeman Ramsay
314,Akshaye Khanna,Kareena Kapoor,Sunil Shetty,Paresh Rawal
315,Shilpa Shetty,Juhi Chawla,Rajiv Singh,Shawar Ali
316,Saif Ali Khan,Vidya Balan,Sanjay Dutt,Dia Mirza
317,Shomendra Bose,Aashish Chaudhary,Roshni Chopra,Arzoo Govitrikar
318,Akshay Kumar,Ajay Devgn,Tusshar Kapoor,Esha Deol
319,Arshad Warsi,Aashish Chaudhary,Yash Tonk,Udita Goswami
320,Tabu,Bhoomika Chawla,Riya Sen,Celina Jaitly
321,Aamir Khan,Kajol,Rishi Kapoor,Tabu
322,Rishi Kapoor,Dimple Kapadia,Vikas Bhalla,Emma Bunton
323,Arbaaz Khan,Gracy Singh,Shamita Shetty,Zulfi Sayed
324,Abhishek Bachchan,Uday Chopra,Hrithik Roshan,Aishwarya Rai Bachchan
325,Vinay Anand,Arun Bakshi,Rita Bhaduri,Milind Gunaji
326,Amitabh Bachchan,Revathy,Karan Sharma,Annabelle Wallis
327,Mallika Sherawat,Rati Agnihotri,Kurush Deboo,Tinnu Anand
328,Arjun Rampal,Zayed Khan,Ameesha Patel,Alok Nath
329,Irrfan Khan,Suhel Seth,Himanshu Malik,Shyamoli Varma
330,Kareena Kapoor,Shahid Kapoor,Aarti Chhabria,Delnaaz Irani
331,Urmila Matondkar,Anuj Sawhney,Malavikka,Amardeep Jha
332,Konkona Sen Sharma,Atul Kulkarni,Sandhya Mridul,Tara Sharma
333,Bobby Deol,Bipasha Basu,Priyanka Chopra,Gajendra Chouhan
334,Ajay Devgn,Sunil Shetty,Priyanka Chopra,Dia Mirza
335,Akshay Kumar,Sunil Shetty,Shahid Kapoor,Rimi Sen
336,Shilpa Shetty,Manoj Bajpayee,Shamita Shetty,Parmeet Sethi
337,Akshay Kumar,Katrina Kaif,Bipasha Basu,Bhagyashree
338,John Abraham,Priyanka Chopra,Bharat Dabholkar,Vishwajeet Pradhan
339,Ajay Devgn,Sushmita Sen,Esha Deol,Anupam Kher
340,Ajay Devgn,Bobby Deol,Sanjay Dutt,Sunil Shetty
341,Sanjay Dutt,Ameesha Patel,Jayapradha,Gulshan Grover
342,Bobby Deol,Lara Dutta,Milind Gunaji,Shakti Kapoor
343,Neha Dhupia,Elidh MacQueen,Niju Mavani,Nares Ngamseera
344,Chaitanya Bhosle,Sherrin Verghese,Bhumika Puri,Aparna Kumesh
345,Aryan Vaid,Manisha Koirala,Preeti Jhangiani,Sharad S. Kapoor
346,Vinod Pande,Shiney Ahuja,Seema Rahmani,
347,Amitabh Bachchan,Rani Mukerji,Abhishek Bachchan,Kiran Juneja
348,Urmila Matondkar,Ashmit Patel,Dimple Kapadia,Raj Babbar
349,Akshay Kumar,Bobby Deol,Kareena Kapoor,Lara Dutta
350,Salman Khan,Sneha Ullal,Mithun Chakraborty,Kader Khan
351,Fardeen Khan,Zayed Khan,Sharman Joshi,Esha Deol
352,Bipasha Basu,Dino Morea,Preeti Jhangiani,Irrfan Khan
353,Romit Raaj,Anjana Sukhani,Benjamin Gilani,Tanvi Azmi
354,Hrithik Roshan,Aishwarya Rai Bachchan,Sonu Sood,Poonam Sinha
355,Shah Rukh Khan,Rani Mukerji,Amitabh Bachchan,Preity Zinta
356,Ajay Devgn,Nana Patekar,Bipasha Basu,Ayub Khan
357,Rekha,Mallika Sherawat,Paresh Rawal,Satish Shah
358,Salman Khan,Kareena Kapoor,Rimi Sen,Jackie Shroff
359,Salman Khan,Sushmita Sen,Katrina Kaif,Sohail Khan
360,Anil Kapoor,Suchitra Krishnamoorthi,Nandana Sen,Rajesh Tandon
361,Anil Kapoor,Salman Khan,Fardeen Khan,Bipasha Basu
362,Shah Rukh Khan,Anupam Kher,Rani Mukerji,Amitabh Bachchan
363,Abhay Deol,Ayesha Takia,Ayesha Jhulka,Apoorva Jha
364,Emraan Hashmi,Shamita Shetty,Udita Goswami,Sameer Kochhar
365,Juhi Chawla,Irrfan Khan,Manoj Pahwa,Nina Kulkarni
366,Akshay Kumar,John Abraham,Paresh Rawal,Rimi Sen
367,Naseeruddin Shah,Girish Karnad,Shreyas Talpade,Shweta Prasad
368,Arshad Warsi,Mahima Chaudhry,Parvin Dabas,Sandhya Mridul
369,Sohail Khan,Sneha Ullal,Inder Kumar,Farida Jalal
370,Sushmita Sen,Mithun Chakraborty,Anuj Sawhney,Ila Arun
371,Sanjay Dutt,Arshad Warsi,Vidya Balan,Boman Irani
372,Saif Ali Khan,Preity Zinta,Arshad Warsi,Tania Zaetta
373,Sunil Shetty,Sohail Khan,Zayed Khan,Dino Morea
374,Salman Khan,Akshay Kumar,Preity Zinta,Anupam Kher
375,Tusshar Kapoor,Ritesh Deshmukh,Isha Koppikar,Neha Dhupia
376,Antara Mali,Ritesh Deshmukh,Divya Dutta,Aftab Shivdasani
377,Meera,Ashmit Patel,Koel Purie,Neena Gupta
378,Amitabh Bachchan,Arjun Rampal,Perizaad Zorabian,Rucha Vaidya
379,Vivek Oberoi,Mahima Chaudhry,Ayesha Takia,Boman Irani
380,Konkona Sen Sharma,Ranvir Shorey,Koel Purie,Saurabh Shukla
381,Seema Biswas,Vikram Singh,Bhumika,Govind Namdeo
382,Ashutosh Rana,Sujeet Chaubey,Divya Desai,Jasvvant Khera
383,Akshaye Khanna,Darshan Jariwala,Shefali Shetty,Bhoomika Chawla
384,Divya Dutta,Arif Zakaria,Rajpal Yadav,Somed Agarwal
385,Raqesh Vashisth,Dia Mirza,Aryan Vaid,Mandira Bedi
386,Amitabh Bachchan,Saif Ali Khan,Sanjay Dutt,Vidya Balan
387,Fardeen Khan,Koena Mitra,Kay Kay Menon,Rakhi Sawant
388,Shiney Ahuja,Murad Ali,Ahmed Chaudhary,Gopi Desai
389,Fardeen Khan,Vivek Oberoi,Esha Deol,Amrita Rao
390,Shah Rukh Khan,Priyanka Chopra,Arjun Rampal,Isha Koppikar
391,Ashutosh Rana,Saadhika,Sharat Saxena,Rocky Verma
392,Kareena Kapoor,Shahid Kapoor,Paresh Rawal,Neha Dhupia
393,Hemant Birje,Mithun Chakraborty,Jack Gaud,Brij Gopal
394,Samir Aftab,Talat Aziz,Tamannaah Bhatia,Kurush Deboo
395,Aarti Chhabria,Jackie Shroff,Mahesh Anand,Rana Jung Bahadur
396,Anupam Kher,Boman Irani,Parvin Dabas,Tara Sharma
397,Nassar Abdulla,Ravi Baswani,Rakesh Bedi,Mahima Chaudhry
398,Sanjay Chauhan,Neha Dhupia,Sachin Khedekar,Preeti Puri
399,Lucky Ali,Meera,Mukesh Tiwari,Nandini
400,Salman Khan,Saloni Aswani,Kapil Jhaveri,Prem Chopra
401,Konkona Sen Sharma,Irrfan Khan,Ayesha Takia,Jimmy Shergill
402,Uday Chopra,Tanisha,Abhishek Bachchan,Richa Pallod
403,Ishrat Ali,Abhay Bhargav,Snehal Dabi,Divya Dutta
404,Amitabh Bachchan,Mohanlal,Ajay Devgn,Vinod Jaywant
405,Imran Khan,Genelia D'Souza,Manjari Phadnis,Ayaz Khan
406,Jimmy Shergill,Minissha Lamba,Yashpal Sharma,Mukesh Tiwari
407,Ajay Devgn,Shahid Kapoor,Bipasha Basu,Amrita Rao
408,Shahid Kapoor,Amrita Rao,Sanjay Dutt,Arshad Warsi
409,Abhishek Bachchan,Priyanka Chopra,Ritesh Deshmukh,Nana Patekar
410,Amitabh Bachchan,Salman Khan,Priyanka Chopra,Anupam Kher
411,Rajat Bedi,Till Dilumière,Udita Goswami,Hendrik Greis
412,Sunny Deol,Priyanka Chopra,Vikas Anand,Manoj Bhatia
413,Paresh Rawal,Om Puri,Ritesh Deshmukh,Reema Sen
414,Saif Ali Khan,Bipasha Basu,Neha Dhupia,Sanjay Dutt
415,Madhavan,Samita Bangargi,Satish Shah,Akhilendra Mishra
416,Nana Patekar,John Abraham,Sonali Kulkarni,Sameera Reddy
417,Rakesh Bedi,Bobby Darling,Avtar Gill,Gulshan Grover
418,Akshaye Khanna,Kareena Kapoor,Shahid Kapoor,Paresh Rawal
419,Tanushree Dutta,Preeti Ganguli,Emraan Hashmi,Ashwini Khalsekar
420,Sandeep Bedi,Mithun Chakraborty,Roshini Jaffery,Raushani Jaffrey
421,Arshad Warsi,Pankaj Kapur,Mahima Chaudhry,Sushant Singh
422,Dia Mirza,Sadashiv Amrapurkar,Rita Bhaduri,Birbal
423,Yunus Parvez,Mahesh Raj,Ghanshyam Rohera,Rakesh
424,Rahul Bose,Mallika Sherawat,Ranvir Shorey,Sharat Saxena
425,Makrand Deshpande,Kishori Godbole,Raza Murad,Mahavir Shah
426,Vinay Apte,Ashok Beniwal,Chaitanya Chaudhary,Rahul Dev
427,Benjamin Gilani,Natalya Gudkova,Iqbal Khan,Asseem Merchant
428,Ishrat Ali,Liyaqat Bari,Mithun Chakraborty,Charulatha
429,Priyanka Chopra,Neha Dhupia,Dolly,Supriya Karnik
430,Salman Khan,Priyanka Chopra,Anil Kapoor,Juhi Chawla
431,Emraan Hashmi,Celina Jaitly,Hrishitaa Bhatt,Mahesh Manjrekar
432,Naseeruddin Shah,Rajpal Yadav,Rituparna Sengupta,Kay Kay Menon
433,Aishwarya Rai Bachchan,Shabana Azmi,Sunil Shetty,Abhishek Bachchan
434,Sherlyn Chopra,Tanaaz Currim Irani,Adi Irani,Monica Patel
435,Salman Khan,Om Puri,Ajay Devgn,Dilyana Bouklieva
436,Mukesh Ahuja,Ishrat Ali,Aliza,Neha Bam
437,Jatin Grewal,Navneet Kaur,Kiran Kumar,Payal Rohatgi
438,Arun Mathur,Anil Nagrath,Amit Pachori,Sapna
439,Farid Amiri,Mridula Baruah,Pankaj Berry,Camila Bordonaba
440,Bipasha Basu,Kay Kay Menon,Raj Babbar,Rajat Kapoor
441,Ajay Devgn,Kareena Kapoor,Saif Ali Khan,Konkona Sen Sharma
442,Akshay Kumar,Nana Patekar,Anil Kapoor,Mallika Sherawat
443,Archi,Rajesh Jolly,Mukesh Khanna,Sushmita Mukherjee
444,Aftab Shivdasani,Anita Hassandani,Dipannita Sharma,Himanshu Malik
445,Sanjay Dutt,John Abraham,Lara Dutta,Celina Jaitly
446,Isaiah,Malavikka,Kanksha,Marlon Rodrigues
447,Ayesha Jhulka,Negar Khan,Sahil Khan,
448,Tusshar Kapoor,Emraan Hashmi,Isha Sharvani,Tanushree Dutta
449,Akshaye Khanna,Ayesha Takia,Mallika Sherawat,Sunil Shetty
450,Harman Baweja,Priyanka Chopra,Boman Irani,Archana Puran Singh
451,Amitabh Bachchan,Abhishek Bachchan,Aishwarya Rai Bachchan,Ravi Kale
452,Prithvi,Satnam Kaur,Durgesh Nandni,Kiran Kumar
453,Rajat Bedi,Sudesh Berry,Abhay Bhargav,Ishwar
454,Rahul Roy,Himani Shivpuri,Prithvi Zutshi,
455,Anamika Goel,Sonika Kapoor,Mangala Kenkre,Faraha Khan
456,Mukesh Bhatt,Shama Deshpande,Sanjay Gandhi,Vijay Gupta
457,Shahid Kapoor,Ayesha Takia,Vivek Oberoi,Sunny Deol
458,Bobby Darling,Ritesh Deshmukh,Avtar Gill,Vrajesh Hirjee
459,Shahid Kapoor,Amrita Rao,Anupam Kher,Alok Nath
460,Aftab Shivdasani,Ameesha Patel,Esha Deol,Amin Hajee
461,Kangana Ranaut,Shiney Ahuja,Emraan Hashmi,Gulshan Grover
462,Ajay Devgn,Arshad Warsi,Sharman Joshi,Tusshar Kapoor
463,Kay Kay Menon,Sonali Kulkarni,Aditya Srivastava,Vijay Raj
464,Ali Asghar,Raj Babbar,Suresh Chatwal,Avtar Gill
465,Kunal Khemu,Deepal Shaw,Smiley Suri,Atul Parchure
466,Mithun Chakraborty,Abhishek Bachchan,Aishwarya Rai Bachchan,Madhavan
467,Ranbir Kapoor,Sonam Kapoor,Salman Khan,Rani Mukerji
468,John Abraham,Arshad Warsi,Salman Shahid,Hanif Hum Ghum
469,Sunny Deol,Ameesha Patel,Neha Dhupia,Mukesh Rishi
470,Akshay Kumar,Katrina Kaif,Rishi Kapoor,Clive Standen
471,Dharmendra,Irrfan Khan,Konkona Sen Sharma,Kay Kay Menon
472,Sanjay Dutt,Arshad Warsi,Minissha Lamba,Anusha Dhandekar
473,Akshay Kumar,Govinda,Paresh Rawal,Lara Dutta
474,Akshay Kumar,Vidya Balan,Fardeen Khan,Ritesh Deshmukh
475,Salman Khan,Govinda,Lara Dutta,Katrina Kaif
476,Ranvir Shorey,Dia Mirza,Abhay Deol,Minissha Lamba
477,Akshaye Khanna,Priyanka Chopra,Ameesha Patel,Dino Morea
478,Sanjay Dutt,Amitabh Bachchan,Arbaaz Khan,Sunil Shetty
479,Dev Anand,Prem Chopra,Milind Gunaji,A.K. Hangal
480,Sunny Deol,Vivek Oberoi,Sameera Reddy,Jackie Shroff
481,Dharmendra,Sunny Deol,Bobby Deol,Shilpa Shetty
482,Emraan Hashmi,Ashmit Patel,Geeta Basra,Mithun Chakraborty
483,Suman Ranganathan,Milind Gunaji,Deepak Jethi,Kashmira Shah
484,Zayed Khan,Isha Sharvani,Minissha Lamba,Rajat Bedi
485,Urmila Matondkar,Sanjay Suri,Zayed Khan,Aftab Shivdasani
486,Kunal Khemu,Neetu Chandra,Upendra Limaye,Ranvir Shorey
487,Sushmita Sen,Shiney Ahuja,Julian Burkhardt,Ravi Gossain
488,Arbaaz Khan,Mandira Bedi,Sudhanshu Pandey,Jimmy Shergill
489,Ayesha Takia,Shreyas Talpade,Gul Panag,Girish Karnad
490,Amitabh Bachchan,Jiah Khan,Revathy,Nasser
491,Ravi Kishan,Rajeev Awasthi,Chittaranjan Giri,Arun Kumar
492,Meghna Desai,Siddharth Dhawan,Dinesh Hingoo,Shakti Kapoor
493,Mohit Ahlawat,Priyanka Kothari,Vinod Jaywant,Nagesh Bhonsle
494,Abhay Deol,Soha Ali Khan,Shayan Munshi,Murad Ali
495,Rocky Bhatia,Dia Mirza,Tejaswini Kolhapure,Gauri Karnik
496,Abhishek Bachchan,Preity Zinta,Bobby Deol,Lara Dutta
497,Irrfan Khan,Emraan Hashmi,Priyanka Kothari,Bharati Achrekar
498,Aditya Bal,Meghna Naidu,Vidya Malvade,
499,Mahima Chaudhry,Padmini Kolhapure,Shakti Kapoor,Gulshan Grover
500,Saif Ali Khan,Rani Mukerji,Mayank Amin,Vic Aviles
501,Kangana Ranaut,Shiney Ahuja,Shaad Randhawa,Purab Kohli
502,Mischa Barton,Martin Sheen,Kal Penn,Rajpal Yadav
503,Sanjay Dutt,Ritesh Deshmukh,Arshad Warsi,Aashish Chaudhary
504,Nikhil Dwivedi,Amrita Rao,Mithun Chakraborty,Anupam Kher
505,Dwij Yadav,Bobby Deol,Sharat Saxena,Vivek Shaq
506,Sameer Dharmadhikari,Sandali Sinha,Sayaji Shinde,Govind Namdeo
507,Vinod Khanna,Randeep Hooda,Tanushree Dutta,Madhuri Bhagwat
508,Shweta Bhardwaj,Mimoh Chakraborty,Prem Chopra,Sudhir S. Dayma
509,Rajesh Khanna,Mohnish Bahl,Ashima Bhalla,Asawari Joshi
510,Arjun Rampal,Vipasha Agarwal,Chunky Pandey,Boman Irani
511,Menekka Arora,Sarthak Bhasin,Sagar Chawla,Hazel Croney
512,Ajay Devgn,Sunil Shetty,Zayed Khan,Ritesh Deshmukh
513,Manisha Koirala,Sanjay Kapoor,Helen,Daisy Irani
514,Tusshar Kapoor,Udita Goswami,Shreyas Talpade,Sophiya Chaudhary
515,David Carradine,Rip Torn,Bruce Dern,Mariel Hemingway
516,Dino Morea,Minissha Lamba,Koena Mitra,Gulshan Grover
517,Sunny Deol,Ammtoje Mann,Sudesh Berry,Sana
518,Farhan Akhtar,Konkona Sen Sharma,Rishi Kapoor,Dimple Kapadia
519,Tusshar Kapoor,Ayesha Takia,Karan Hukka,Rahul Singh
520,Ajay Devgn,Vidya Balan,Pankaj Kapur,Darshan Jariwala
521,Ava Mukherjee,Zain Khan,Simran Singh,Amrita Raichand
522,Aftab Shivdasani,Celina Jaitly,Amrita Arora,Amin Hajee
523,Rahul Khanna,Sharman Joshi,Tanushree Dutta,Jimmy Shergill
524,Abhay Deol,Gul Panag,Raima Sen,Sarika
525,Shawar Ali,Jaipreet Nagra,Raima Sen,Dipannita Sharma
526,Mithun Chakraborty,Puru Rajkumar,Rutika Singh,Gajendra Chouhan
527,Priyanka Chopra,Kangana Ranaut,Mugdha Godse,Arbaaz Khan
528,Amitabh Bachchan,Tabu,Paresh Rawal,Zohra Segal
529,Nana Patekar,Danny Denzongpa,Paresh Rawal,Kunal Kapoor
530,Mohan Azaad,Anupam Kher,Atul Kulkarni,Manasi
531,Abhishek Bachchan,Rani Mukerji,Konkona Sen Sharma,Jaya Bhaduri
532,Madhuri Dixit,Darshan Jariwala,Raghuvir Yadav,Divya Dutta
533,Darsheel Safary,Aamir Khan,Tanay Chheda,Sachet Engineer
534,Jimmy Shergill,Sanjay Suri,Hazel Croney,Kaveri Jha
535,Jimmy Shergill,Neha Dhupia,Kamini Khanna,Madhavan
536,Abhay Bhargav,Milind Gunaji,Dinesh Hingoo,Mushtaq Khan
537,Amitabh Bachchan,Juhi Chawla,Satish Shah,Rajpal Yadav
538,Akshay Kumar,Vidya Balan,Ameesha Patel,Shiney Ahuja
539,Sharman Joshi,Tusshar Kapoor,Kunal Khemu,Rajpal Yadav
540,Abhay Deol,Neha Dhupia,Amit Mistry,Ashok Samarth
541,John Abraham,Ayesha Takia,Paresh Rawal,Ranvir Shorey
542,Akshay Kumar,Saif Ali Khan,Kareena Kapoor,Anil Kapoor
543,Shiney Ahuja,Soha Ali Khan,Rajat Kapoor,Vinay Pathak
544,Emraan Hashmi,Geeta Basra,Rajat Bedi,Anant Mahadevan
545,Himesh Reshammiya,Hansika Motwani,Mallika Sherawat,Shravan Rathod
546,Vinay Pathak,Rajat Kapoor,Sarika,Milind Soman
547,Parvin Dabas,Benjamin Gilani,Sahil Khan,Sheetal Kshirsagar
548,Anand Abhyankar,Parimal Aloke,Chandan Anand,Bobby Bedi
549,Saif Ali Khan,Akshaye Khanna,Bipasha Basu,Katrina Kaif
550,Salil Acharya,Emraan Hashmi,J. Brandon Hill,Rehan Khan
551,Bobby Deol,Akshaye Khanna,Urvashi Sharma,Vikas Kalantri
552,Aftab Shivdasani,Ayesha Takia,Ritesh Deshmukh,Rimi Sen
553,Anupam Kher,Mahesh Manjrekar,Mandira Bedi,Eijaz Khan
554,Shah Rukh Khan,Arjun Rampal,Kiron Kher,Shreyas Talpade
555,Hrithik Roshan,Amitabh Bachchan,Priyanka Chopra,Naseeruddin Shah
556,Sanjay Dutt,Imran Khan,Minissha Lamba,Vidya Malvade
557,Ajay Devgn,Ayesha Takia,Arshad Warsi,Irrfan Khan
558,Ajay Devgn,Kajol,Sumeet Raghvan,Divya Dutta
559,Waheeda Rehman,Abhishek Bachchan,Sonam Kapoor,Rishi Kapoor
560,Sikander Kher,Neha Uberoi,Arbaaz Khan,Gulshan Grover
561,Sherlyn Chopra,Udayyan Raathore,Zahid Ali,Amrita
562,Saif Ali Khan,Kareena Kapoor,Javed Jaffrey,Vrajesh Hirjee
563,Armaan Shahabi,Gracy Singh,,
564,Jayshree Arora,Veer Arya,Abhishek Bachchan,Jaya Bhaduri
565,Arun Bakshi,Ahsaas Channa,Kiran Janjani,Mushtaq Khan
566,Dharmendra,Rimi Sen,Ashwini Khalsekar,Neil Nitin Mukesh
567,Jimmy Shergill,Rajpal Yadav,Shakti Kapoor,Ann Marie Seall
568,Mona Ambegaonkar,Jitender Bhargava,Birbal,Heenaa Biswas
569,Sunil Pal,Raju Srivastava,Vijay Raaz,Ehsaan Qureshi
570,Salman Khan,Ayesha Takia,Vinod Khanna,Mahesh Manjrekar
571,Bharati Achrekar,Amrita Arora,Sharman Joshi,Katrina Kaif
572,Muzammil Ibrahim,Tulip Joshi,Aushima Sawhney,Bharat Dabholkar
573,Akshay Kumar,Deepika Padukone,Mithun Chakraborty,Ranvir Shorey
574,Amrita Arora,Leigh Barwell,Robin Bhatt,Ajay Devgn
575,Shahid Kapoor,Kareena Kapoor,Tarun Arora,Dara Singh
576,Brian Dawson,Vikram Gokhale,Puja Gupta,A.K. Hangal
577,Anupam Kher,Om Puri,Jimmy Shergill,Soniya Mehra
578,Imaaduddin Shah,Shreyas Talpade,Smriti Mishra,Nikita Anand
579,Rahul Bose,Javed Jaffrey,Minissha Lamba,Seema Biswas
580,Akshay Kumar,Ayesha Takia,Javed Jaffrey,Girish Karnad
581,Shahid Kapoor,Vidya Balan,Vishal Malhotra,Om Puri
582,Salman Khan,Anil Kapoor,Zayed Khan,Mithun Chakraborty
583,Sohail Khan,Vatsal Seth,Amrita Arora,Riya Sen
584,Monalisa,Usha Bachani,Gaurav Dixit,Milind Gunaji
585,Gracy Singh,Asseem Merchant,Neha Pendse,Aryan Singh
586,John Abraham,Arshad Warsi,Bipasha Basu,Boman Irani
587,Bipasha Basu,Lillete Dubey,Mahesh Manjrekar,Ronit Roy
588,Govinda,Manoj Bajpayee,Aftab Shivdasani,Upen Patel
589,Linda Arsenio,Shaurya Chauhan,Alisha Chinoi,Vir Das
590,Shiney Ahuja,Mona Ambegaonkar,Ishita Chauhan,Mukesh Chhabra
591,Mallika Sherawat,Rahul Bose,Paresh Rawal,Kay Kay Menon
592,Mallika Sherawat,Ranvir Shorey,Bharati Achrekar,Zeenat Aman
593,Naveen Bawa,Satish Kaushik,Anupam Kher,Krrishna
594,Neha Dhupia,Amrita Arora,Anupam Kher,Rati Agnihotri
595,Rajat Bakshi,Rajesh Bakshi,Prem Chabra,Harish Ghera
596,Sylvester Stallone,Brandon Routh,Denise Richards,Whoopi Goldberg
597,Akshay Kumar,Katrina Kaif,Om Puri,Kiron Kher
598,Himesh Reshammiya,Urmila Matondkar,Shweta Kumar,Dino Morea
599,Shreyas Talpade,Lena Christensen,Vijay Maurya,Manmeet Singh
600,Aamir Khan,Asin,Jiah Khan,Tinnu Anand
601,nan,,,
602,Tusshar Kapoor,Anupam Kher,Rajpal Yadav,Raima Sen
603,Paresh Rawal,Akshaye Khanna,Genelia D'Souza,Om Puri
604,Harman Baweja,Allan Border,Mike Hussey,Simon Jones
605,Cary Elwes,Christopher Lloyd,Troy Baker,Tom Kenny
606,Kareena Kapoor,Salman Khan,Sohail Khan,Yash Tonk
607,Vikas Anand,Asrani,Mithun Chakraborty,Gulshan Grover
608,Delhi Ganesh,Jai Ganesh,Nizhalgal Ravi,Radha Ravi
609,Rajendraprasad,Nasser,Rambha,Raju Sundaram
610,Neetu Chandra,Esha Deol,Vrajesh Hirjee,Tusshar Kapoor
611,Shreyas Talpade,Javed Jaffrey,Aashish Chaudhary,Vatsal Seth
612,Kunal Khemu,Tulip Joshi,Aushima Sawhney,Apoorva S. Badgaiyan
613,Vivek Oberoi,Zayed Khan,Shriya Saran,Shabbir Ahluwalia
614,Ranvir Shorey,Neha Dhupia,Naseeruddin Shah,Saurabh Shukla
615,Sushmita Sen,Fardeen Khan,Ishita Sharma,Shah Rukh Khan
616,Juhi Chawla,Irrfan Khan,Arshad Warsi,Rajpal Yadav
617,Shah Rukh Khan,Vinay Pathak,Anushka Sharma,M.K. Raina
618,Ranbir Kapoor,Bipasha Basu,Minissha Lamba,Deepika Padukone
619,Amitabh Bachchan,Madhavan,Shraddha Kapoor,Siddharth Kher
620,Rekha,Hema Malini,Javed Sheikh,Avtar Gill
621,Kay Kay Menon,Arbaaz Khan,Rukhsar,Veerendra Saxena
622,Salman Khan,Mithun Chakraborty,Jackie Shroff,Sohail Khan
623,Abhishek Bachchan,John Abraham,Priyanka Chopra,Kiron Kher
624,Kareena Kapoor,Saif Ali Khan,Om Puri,Vivek Oberoi
625,Aamir Khan,Kareena Kapoor,Madhavan,Sharman Joshi
626,Salman Khan,Tabu,Sunil Shetty,Genelia D'Souza
627,Shah Rukh Khan,Kajol,Katie A. Keane,Kenton Duty
628,Ajay Devgn,Sanjay Dutt,Delnaaz Irani,Chinky Jaiswal
629,Gul Panag,Celina Jaitly,Isha Koppikar,Chunky Pandey
630,Rishi Kapoor,Saif Ali Khan,Rani Mukerji,Akshat Chopra
631,Priyanka Chopra,Akshay Kumar,Jacqueline Fernandez,Karan Johar
632,Nana Patekar,Shahid Kapoor,Ayesha Takia,Sushant Singh
633,Isha Koppikar,Sonu Sood,Anand Abhyankar,Daman Baggan
634,Hrithik Roshan,Bárbara Mori,Steven Michael Quezada,Kangana Ranaut
635,Gaurav Kapoor,Hrishitaa Bhatt,Govind Namdeo,Zakir Hussain
636,Manisha Koirala,Irrfan Khan,Sadashiv Amrapurkar,Tinnu Anand
637,Fardeen Khan,Dia Mirza,Manoj Bajpayee,Aftab Shivdasani
638,Chetanya Adeep,Shawar Ali,Arun Bakshi,Chitrapama
639,Naseeruddin Shah,Vijay Raaz,Arjun Mathur,Violante Placido
640,Shahid Kapoor,Rani Mukerji,Anupam Kher,Dalip Tahil
641,Dino Morea,Milind Soman,Sheetal Menon,Simone Singh
642,Ajita,Himani Chawla,Sumeet Chawla,Suresh Dubey
643,Emraan Hashmi,Sonal Chauhan,Shakeel Khan,Sameer Kochhar
644,Amitabh Bachchan,Shatrughan Sinha,Sharda,Sudha Chandran
645,Konkona Sen Sharma,Shernaz Patel,Shivani Tanksale,Anand Tiwari
646,Irrfan Khan,Rahul Bose,Rahul Khanna,Konkona Sen Sharma
647,Kay Kay Menon,Sonali Kulkarni,Parvin Dabas,Vinay Pathak
648,Malaika Arora,Arun Bakshi,Aashish Chaudhary,Snehal Dabi
649,Shreyas Talpade,Amrita Rao,Ravi Kishan,Ila Arun
650,Raj Singh Arora,Abhisar Bose,Neetu Chandra,Master Chinmay
651,Akshay Kumar,Sanjay Dutt,Lara Dutta,Zayed Khan
652,Kay Kay Menon,Manisha Koirala,Ranvir Shorey,Sonali Kulkarni
653,John Abraham,Anaitha Nair,Girish Karnad,Farida Jalal
654,Shubhankar Atre,Amitabh Bachchan,Victor Banerjee,Dhaval Barbhaya
655,Mimoh Chakraborty,Rati Agnihotri,Vikas Anand,Rahul Dev
656,Sunil Shetty,Arshad Warsi,Sadashiv Amrapurkar,Deep Dhillon
657,Nargis Bagheri,Upendra Limaye,Sudha Chandran,Raman Trikha
658,Arjun Rampal,Farhan Akhtar,Luke Kenny,Purab Kohli
659,Irrfan Khan,Shah Rukh Khan,Lara Dutta,Om Puri
660,Sanjay Dutt,Manisha Koirala,Ajay Devgn,Asrani
661,Mithun Chakraborty,Dimple Kapadia,Rati Agnihotri,Gulshan Grover
662,Azghar,Brownie,Divya Divedi,Anwar Fatehan
663,Jackie Shroff,Anupam Kher,Satish Shah,Gulshan Grover
664,Rajeev Khandelwal,Aishwarya,Vasan Bala,Chinkal
665,Kiron Kher,Farooq Shaikh,Ankur Khanna,Masumeh Makhija
666,Harman Baweja,Priyanka Chopra,Anjan Srivastav,Manju Singh
667,Mithun Chakraborty,Sanjay Dutt,Imran Khan,Ravi Kishan
668,David Bueno,Vibha Cheebur,Raaj Gopal,Sakshi Gulati
669,Mallika Sherawat,Irrfan Khan,Jeff Doucette,Divya Dutta
670,Neil Nitin Mukesh,Manoj Bajpayee,Arya Babbar,Mirza Ali Quli
671,Amita Pathak,Nakuul Mehta,Adhyayan Suman,Nassar Abdulla
672,Rishi Rehan,Avantika,Thomas Tevana,Nassar Abdulla
673,Hrishitaa Bhatt,Seema Biswas,Nauheed Cyrusi,Mansi Dovhal
674,Katrina Kaif,Ranbir Kapoor,Darshan Jariwala,Smita Jaykar
675,Kay Kay Menon,Rimi Sen,Anupam Kher,Chunky Pandey
676,Jackie Shroff,Sarika,Saurabh Shukla,Vijay Raaz
677,Akshay Kumar,Sunil Shetty,Katrina Kaif,Sameera Reddy
678,Navin Berry,Pankaj Berry,Birbal,Sudhir Dalvi
679,Ahraz Ahmed,Punit Aneja,Arjan Bajwa,Neetu Chandra
680,Kay Kay Menon,Raj Singh Chaudhary,Jesse Randhawa,Deepak Dobriyal
681,Bobby Khan,Nilofer Khan,Sambhavna Sheth,Nirmal Pandey
682,Bobby Deol,Priyanka Chopra,Irrfan Khan,Akhilendra Mishra
683,Paresh Rawal,Kay Kay Menon,Irrfan Khan,Madhavan
684,Saahil Chadha,Arbaaz Khan,Anita Raj,Jackie Shroff
685,Sudeep,Amruta Khanvilkar,Ahsaas Channa,Ashwini Khalsekar
686,Shahid Kapoor,Priyanka Chopra,Deb Mukherjee,Shivkumar Subramaniam
687,Saif Ali Khan,Deepika Padukone,Rishi Kapoor,Rahul Khanna
688,Parzan Dastur,Ayesha Kapoor,Sanjay Suri,Madhavan
689,Sahil Khan,Tanushree Dutta,Meghan Jadhav,Koushtuv Ghosh
690,Anupam Kher,Naseeruddin Shah,Jimmy Shergill,Deepal Shaw
691,Harsh Chhaya,Kurush Deboo,Bhairavi Goswami,Ali Haji
692,Shah Rukh Khan,Priyanka Chopra,Hrithik Roshan,Om Puri
693,Farooq Shaikh,Nafisa Ali,Aanaahad,Sabyasachi Chakraborty
694,Sammir Dattani,Rahul Dev,Om Puri,Alok Nath
695,Vinay Pathak,Sarita Joshi,Rajat Kapoor,Saurabh Shukla
696,Randeep Hooda,Raima Sen,Arbaaz Khan,Javed Akhtar
697,Naseeruddin Shah,Arjun Rampal,Nana Patekar,Ranbir Kapoor
698,Varun Bhagwat,Vikram Gokhale,Zakir Hussain,Bharat Jha
699,Abhay Deol,Paresh Rawal,Neetu Chandra,Archana Puran Singh
700,Rajneesh Duggal,Adah Sharma,Anjori Alagh,Rajendranath Zutshi
701,Aftab Shivdasani,Aamna Shariff,Linda Arsenio,Sanjay Mishra
702,Alisha,Asif Basra,Bipasha Basu,Burhan
703,Sushant Singh,Kartika Rane,Rajat Kapoor,Mandeep Mazumdar
704,Rati Agnihotri,Shahana Goswami,Randeep Hooda,Kulbhushan Kharbanda
705,Sadashiv Amrapurkar,Tinnu Anand,Nauheed Cyrusi,Shakti Kapoor
706,Ranbir Kapoor,Konkona Sen Sharma,Supriya Pathak,Anupam Kher
707,Arjun Rampal,Sunny Deol,Udita Goswami,Sagarika Ghatge
708,Brahim Achabbakhe,Jacky Bhagnani,Nushrat Bharucha,David Bueno
709,Abhay Deol,Mahie Gill,Kalki Koechlin,Dibyendu Bhattacharya
710,Shabana Azmi,Boman Irani,Sanjay Suri,Sharman Joshi
711,John Abraham,Neil Nitin Mukesh,Katrina Kaif,Irrfan Khan
712,Naseeruddin Shah,Om Puri,Boman Irani,Paresh Rawal
713,Akshay Kumar,Lara Dutta,Dimple Kapadia,Rajpal Yadav
714,Rajit Kapoor,Aham Sharma,Pooja Kanwal,Richashree
715,Abhishek Bachchan,Aishwarya Rai Bachchan,Govinda,'Chiyaan' Vikram
716,Ganesh Acharya,Neha Bhatt,Daisy,Ali G.
717,Kangana Ranaut,Adhyayan Suman,Emraan Hashmi,Vicky Ahuja
718,Govinda,Sushmita Sen,Ritesh Deshmukh,Lara Dutta
719,Naseeruddin Shah,Vidya Balan,Arshad Warsi,Salman Shahid
720,Uday Chopra,Priyanka Chopra,Dino Morea,Rahul Vohra
721,Govinda,Yuvika Chaudhry,Anupam Kher,Smita Jaykar
722,Sanjay Dutt,Ameesha Patel,Anupam Kher,Satish Kaushik
723,Dev Anand,Divya Dutta,Devshi Khanduri,Hansal Mehta
724,Rakesh Bedi,Mahek Chahal,Suraj Godambe,Dinesh Hingoo
725,Kunal Khemu,Boman Irani,Soha Ali Khan,Cyrus Broacha
726,Jackie Shroff,Sohail Khan,Arbaaz Khan,Nauheed Cyrusi
727,Rajesh Khanna,Shahib Chopra,Laila Khan,Ahad Khan
728,Neil Nitin Mukesh,Bipasha Basu,Biswajeet Chatterjee,Sophiya Chaudhary
729,Dino Morea,Mahima Chaudhry,Suman Ranganathan,Arun Bali
730,Farhan Akhtar,Deepika Padukone,Ram Kapoor,Vivan Bhatena
731,Anil Kapoor,Saif Ali Khan,John Abraham,Deepika Padukone
732,Madhavan,Neetu Chandra,Poonam Dhillon,Sachin Khedekar
733,Aashish Chaudhary,Akshay Kapoor,Nausheen Ali Sardar,Achint Kaur
734,Arunoday Singh,Boman Irani,Ila Arun,Konkona Sen Sharma
735,Paresh Rawal,Kunal Khemu,Sonu Sood,Soha Ali Khan
736,Rajat Kapoor,Sachin Nayak,Pradip Sagar,Pradeep Kabra
737,Shahid Kapoor,Genelia D'Souza,Mohnish Bahl,Satish Shah
738,Kareena Kapoor,Saif Ali Khan,Adil Hussain,Gulshan Grover
739,Ajay Devgn,Randeep Hooda,Kangana Ranaut,Emraan Hashmi
740,Akshay Kumar,Aishwarya Rai Bachchan,Om Puri,Kiron Kher
741,Vinay Pathak,Gul Panag,Anuj Chaudhary,Siddharth Makkar
742,Sunil Shetty,Aarti Chhabria,Aashish Chaudhary,Kim Sharma
743,Jahan Bloch,Samir Aftab,Aditya Rajput,Harsh Rajput
744,Nitin,Priyanka Kothari,Rasika Dugal,Gautam Rode
745,Anita,Snehal Dabi,Anita Hassandani,Jagdeep
746,Rohit Roy,Tanushree Dutta,Neetu Chandra,Mushtaq Khan
747,Kareena Kapoor,Kajol,Arjun Rampal,Amrita Prakash
748,Anil Kapoor,Sanjay Dutt,Kangana Ranaut,Sunil Shetty
749,Sonali Kulkarni,Sharbani Mukherji,Sushant Singh,Nakul Vaid
750,Prateik,Monica Dogra,Kriti Malhotra,Aamir Khan
751,Sanjay Dutt,Ajay Devgn,Fardeen Khan,Bipasha Basu
752,Ranbir Kapoor,Prem Chopra,Gauhar Khan,Mukesh Bhatt
753,Hrithik Roshan,Aishwarya Rai Bachchan,Shernaz Patel,Aditya Roy Kapoor
754,Asrani,Asif Basra,Govinda,Manoj Joshi
755,Vinod Khanna,Akshay Kapoor,Rehan Khan,Bhavna Pani
756,Nana Patekar,Dimple Kapadia,Sunil Shetty,Vidya Malvade
757,Mithun Chakraborty,Ali Asghar,Arun Bakshi,Rakesh Bedi
758,Omkar Das Manikpuri,Raghuvir Yadav,Shalini Vatsa,Farrukh Jaffar
759,Amitabh Bachchan,Ritesh Deshmukh,Gul Panag,Paresh Rawal
760,Rana Jung Bahadur,Jaspal Bhatti,Preeti Bhutani,Bobby Deol
761,Sohail Khan,Amrita Arora,Yash Tonk,Vrajesh Hirjee
762,Akshay Kumar,Rajpal Yadav,Aruna Irani,Kulbhushan Kharbanda
763,Vivek Oberoi,Isaiah,Aruna Shields,Nandana Sen
764,Jackie Shroff,Sanjay Suri,Gul Panag,Shruti Seth
765,Anay,Kurush Deboo,Mohit Ghai,Ahwaan
766,Arshad Warsi,Dia Mirza,Boman Irani,Sandhya Mridul
767,Paresh Rawal,Om Puri,Pavan Malhotra,Javed Sheikh
768,Randeep Hooda,Rituparna Sengupta,Sada,Divya Dutta
769,Shreyas Talpade,Bharati Achrekar,Shaukat Baig,Rakesh Bedi
770,Meghan Jadhav,Mithun Chakraborty,Riya Sen,Seema Biswas
771,Ruslaan Mumtaz,Sheena Shahabadi,Rajat Kapoor,Neena Gupta
772,Priyanka Chopra,Carl Marino,Ranbir Kapoor,Aubrey K. Miller
773,Nargis Bagheri,Divya Dutta,Avika Gor,Rajit Kapoor
774,Himesh Reshammiya,Sonal Sehgal,Purbi Joshi,Rajesh Khattar
775,Joseph Armillas,Anto Boghokian,Elissa Brentano,Gerald Brodin
776,Sudhanshu Pandey,Hrishitaa Bhatt,Anuj Punj,Suman Agarwal
777,Mithun Chakraborty,Om Puri,Sohum Shah,Urvashi Sharma
778,Sonam Kapoor,Abhay Deol,Amrita Puri,Cyrus Sahukar
779,Prateik,Kalki Koechlin,Arjun Mathur,Shruti Seth
780,Bobby Deol,Dwij Yadav,Kangana Ranaut,Mohnish Bahl
781,Mantra,Prerna Chawla,Emraan Hashmi,J. Brandon Hill
782,Amitabh Bachchan,Abhishek Bachchan,Vidya Balan,Paresh Rawal
783,Rishi Kapoor,Dimple Kapadia,Akshay Kumar,Anushka Sharma
784,Aftab Shivdasani,Aamna Shariff,Rati Agnihotri,Tiku Talsania
785,Sanjay Dutt,Irrfan Khan,Kangana Ranaut,Gulshan Grover
786,Gayatri Patel Bahl,Aqib Afzaal,Ajay Chaudhary,Aabhas Yadav
787,Mithun Chakraborty,Ajay Devgn,Kareena Kapoor,Tusshar Kapoor
788,Arjun Rampal,Shah Rukh Khan,Kareena Kapoor,Shahana Goswami
789,Katrina Kaif,Hrithik Roshan,Naseeruddin Shah,Farhan Akhtar
790,Bobby Bahal,Kenny Desai,Vivek Madan,Vidya Malvade
791,Farooq Shaikh,Celina Jaitly,Abhimanyu Singh,Rukhsar
792,Katrina Kaif,Salman Khan,Akshay Kumar,Farah Khan
793,Akshay Kumar,Arjun Rampal,Deepika Padukone,Lara Dutta
794,Siddharth,Ankur Vikal,Anupam Kher,Vidya Malvade
795,Ajay Devgn,Konkona Sen Sharma,Paresh Rawal,Satish Kaushik
796,Deepika Padukone,Imran Khan,Lillete Dubey,Shahana Goswami
797,nan,,,
798,Ravi Kapoor,Master Sagar Punjabi,Suresh Oberoi,Prem Chopra
799,Anuj Saxena,Udita Goswami,Tarina Patel,Sameer Kochhar
800,Tinnu Anand,Rajeev Awasthi,Mohnish Bahl,Beena Banerjee
801,Shreyas Talpade,Sada,Sneha Ullal,Rehan Khan
802,Aditya Narayan,Shweta Agarwal,Shubh Joshi,Natasha Sinha
803,Shahid Kapoor,Anushka Sharma,Meiyang Chang,Vir Das
804,Shahana Goswami,Natasha Jain,Atul Kinagi,Keshav Nadkarni
805,Tabu,Sharman Joshi,Yuvika Chaudhry,Vatsal Seth
806,Anupam Kher,Manjari Phadnis,Tinnu Anand,Sheeba Chaddha
807,Paul Sidhu,Sumona Chakravarti,Anant Jog,Nagesh Bhonsle
808,Neil Nitin Mukesh,Deepika Padukone,Vijay Adhav,Manish Chaudhary
809,Arun Govil,Robert Lang,Vindu Dara Singh,Gary Tantony
810,Mukesh Bhatt,Rajshree Choudhary,Arijit Sen Gupta,Om Katare
811,Hazel Croney,Gulshan Grover,Iravati Harshe,Suchitra Krishnamoorthi
812,Sachin Khedekar,Seema Biswas,Ankush Choudhary,Satish Kaushik
813,Nushrat Bharucha,Anshuman Jha,Neha Chauhan,Rajkummar Rao
814,Arbaaz Khan,Madhuri Bhattacharya,Tara Sharma,Johnny Lever
815,Ranveer Singh,Anushka Sharma,Manu Rishi Chadha,Manish Chaudhary
816,Tanushree Dutta,Udita Goswami,Shaad Randhawa,Sachin Khedekar
817,Vikram Aditya,Narendra Bedi,Chandan,Aradhana Deshpande
818,Sudeep,Amruta Khanvilkar,Ahsaas Channa,Anu Ansari
819,Sushant Singh,Hrishitaa Bhatt,Milind Gunaji,Upasna Singh
820,Abhishek Bachchan,Bipasha Basu,Rana Daggubati,Prateik
821,Rahul Bose,Chigusa Takaku,Raima Sen,Moushumi Chatterjee
822,Madhu Acharya,Nitin Anand,Dinesh Bawara,Narendra Bedi
823,Salman Khan,Sonakshi Sinha,Vinod Khanna,Dimple Kapadia
824,Om Puri,Paresh Rawal,Neena Gupta,Ravi Kishan
825,Kitu Gidwani,Milind Gunaji,Neena Gupta,Mrunmayee Lagoo
826,Shahid Kapoor,Sonam Kapoor,Anupam Kher,Supriya Pathak
827,Atul Kulkarni,Rituparna Sengupta,Darsheel Safary,Ziyah Vastani
828,Bhushan Agarwal,Nikita Anand,Venita Anand,Bedi
829,Priyanka Chopra,Vivaan Shah,Manuj Bhaskar,Sanjay Verma
830,Ali Zafar,Pradhuman Singh,Piyush Mishra,Nikhil Ratnaparkhi
831,Vikrum Kumar,Haidar Ali,Urvashi Chaudhary,Mansi Dovhal
832,Anupam Kher,Sharat Saxena,Parvin Dabas,Vansh Bhardwaj
833,Gurpreet Chadha,Shalini Chandran,T.K. Chowdhary,Kishore Dhingra
834,Barkha Madan,Iris Maity,Nishan Nanaiah,Sartaj Singh Pannu
835,nan,,,
836,Himesh Reshammiya,Sara Loren,Amrita Singh,Gulshan Grover
837,Jackie Shroff,Samir Aftab,Akhilendra Mishra,Sushant Singh
838,Rikkee,Manoylo Svitlana,Ishrat Ali,Jiten Mukhi
839,Abhishek Bachchan,Deepika Padukone,Sikander Kher,Maninder Singh
840,Rajat Barmecha,Sanjay Gandhi,Ronit Roy,Manjot Singh
841,Deepti Naval,Vijay Raaz,Meghna Naidu,Saadhika Randhawa
842,Prashant Narayanan,Aruna Shields,Naved Aslam,Lucy Hassan
843,Ranvir Shorey,Vinay Pathak,Ravi Kishan,Mohit Ahlawat
844,Bobby Deol,Mugdha Godse,Shreyas Talpade,Sophie Handa
845,Gul Panag,Purab Kohli,Sid Makkar,Jeneva Talwar
846,Ritesh Deshmukh,Jacky Bhagnani,Puja Gupta,Chandan Roy Sanyal
847,Caterina Lopez,Pavan Malhotra,Kay Kay Menon,Piyush Mishra
848,Imran Khan,Sonam Kapoor,Sammir Dattani,Samir Soni
849,Deepak Dobriyal,Manav Kaul,Badrul Islam,Bharti Bhatt
850,Rajpal Yadav,Preeti Mehra,Makarand Anaspure,Ketki Dave
851,Rajpal Yadav,Nargis Bagheri,Om Puri,Sharat Saxena
852,Sonali Gulati,,,
853,Madhavan,Kangana Ranaut,Jimmy Shergill,Deepak Dobriyal
854,Vinay Pathak,Riya Sen,Jagrat Desai,Sasha Goradia
855,Kareena Kapoor,Boman Irani,Imran Khan,Ratna Pathak
856,Anil Kapoor,Ajay Devgn,Mohanlal,Kangana Ranaut
857,Ajay Devgn,Akshaye Khanna,Bipasha Basu,Jaideep Ahlawat
858,Salman Khan,Asin,Paresh Rawal,Mahesh Manjrekar
859,Rishi Kapoor,Neetu Singh,Aditi Vasudev,Archit Krishna
860,Akshay Kumar,Bobby Deol,Sonam Kapoor,Sunil Shetty
861,Ajay Devgn,Emraan Hashmi,Omi Vaidya,Shazahn Padamsee
862,Ajay Devgn,Asin,Abhishek Bachchan,Prachi Desai
863,Salman Khan,Kareena Kapoor,Raj Babbar,Asrani
864,Rani Mukerji,Vidya Balan,Myra Karn,Neil Bhoopalam
865,Supriya Pathak,Anang Desai,Rajeev Mehta,Nimisha Vakharia
866,Gulshan Grover,Munish Khan,Zakir Hussain,Mukesh Tiwari
867,Ravi Kishan,Rahul Singh,Rajesh Shringarpore,Sanjay Swaraj
868,Kay Kay Menon,Rajpal Yadav,Aashif Sheikh,Shweta Tiwari
869,Manoj Bajpayee,Aarti Chhabria,Dilip Prabhavalkar,Govind Namdeo
870,Imran Khan,Katrina Kaif,Ali Zafar,Tara D'Souza
871,Zeenat Aman,Kabir Bedi,Hazel Croney,Helen
872,Manoj Bajpayee,Juhi Chawla,Ashutosh Rana,Mukesh Rishi
873,Rituparna Sengupta,Kiran Janjani,Yashpal Sharma,Alok Nath
874,Emraan Hashmi,Neha Sharma,Arjan Bajwa,Mashhoor Amrohi
875,Irrfan Khan,Chitrangda Singh,Arunoday Singh,Aditi Rao Hydari
876,Aniruddh Agarwal,Sadashiv Amrapurkar,Anisshka,Amit Behl
877,Abhishek Bachchan,Kangana Ranaut,Anupam Kher,Boman Irani
878,Rajat Kapoor,Neha Dhupia,Sanjay Mishra,Manu Rishi Chadha
879,Suzanne Bernert,Nagesh Bhonsle,Pritika Chawla,Sanjay Dadheech
880,Nafisa Ali,Madhuri Bhattacharya,Emma Brown Garett,Mahek Chahal
881,Sohrab Ardeshir,Abhro Banerjee,Kallol Banerjee,Nicholas Brown
882,Akshay Oberoi,Sandeepa Dhar,Mohnish Bahl,Prachi Shah
883,Luna Rioumina,Abhishek Bachchan,Bipasha Basu,Shweta Bhardwaj
884,Manoj Bajpayee,Barry John,Delzad Hiwale,Vega Tamotia
885,Aamir Khan,Kareena Kapoor,Rani Mukerji,Nawazuddin Siddiqui
886,Makarand Anaspure,Krishna Bhatt,Sonika Gill,Eva Grover
887,Rachita Bhattacharya,Seema Biswas,Sudha Chandran,Sanjiv Chopra
888,Rahul Jaiswal,Raj Arjun,Mohnish Bahl,Yuvika Chaudhry
889,Kashmira Shah,Devasish Ray,Jyoti Singh,Sonny Chatrath
890,Ashish Kattar,Aditya Lakhia,Akash Nair,Ishita Panchal
891,Aditya Srivastava,Swini Khara,Aditya Lakhia,Raj Arjun
892,Vinay Pathak,Saurabh Shukla,Mahie Gill,Mona Singh
893,Ishaan Manhaas,Dheeraj Miglani,Priti Gandwani,Shubhi Ahuja
894,Nassar Abdulla,Rati Agnihotri,Udita Goswami,Sofia Hayat
895,Vidya Balan,Parambrata Chatterjee,Dhritiman Chatterjee,Saswata Chatterjee
896,Brahim Achabbakhe,Russell Geoffrey Banks,Leigh Barwell,Isha Batwe
897,Sumit Arora,Arun,Raakesh Babu,Prem Kishen Dwivedi
898,Vatsal Seth,Tulip Joshi,Mukesh Tiwari,Nagesh Bhonsle
899,Nana Patekar,Mohit Ahlawat,Rimi Sen,Anurag Kashyap
900,Ajay Devgn,Sanjay Dutt,Kangana Ranaut,Lisa Haydon
901,Aamir Khan,Katrina Kaif,Tabrett Bethell,Abhishek Bachchan
902,Bhairavi Goswami,Iravati Harshe,Chinmay Kambli,Rajesh Khattar
903,Kalki Koechlin,Shiv Pandit,Gulshan Devaiah,Rajeev Khandelwal
904,Ranbir Kapoor,Nargis Fakhri,Shammi Kapoor,Kumud Mishra
905,Aarav Khanna,Chinmai Chandranshuh,Divji Handa,Irfan Khan
906,Mikaal,Preeti,Himani Shivpuri,Anil Dhawan
907,Amitabh Bachchan,Saif Ali Khan,Manoj Bajpayee,Deepika Padukone
908,Hrithik Roshan,Priyanka Chopra,Sanjay Dutt,Rishi Kapoor
909,Faith,Farhan,Satish Kaushik,Omkar Das Manikpuri
910,Om Puri,Deepak Dobriyal,Ragini Khanna,Naresh Gosain
911,Amitabh Bachchan,Hema Malini,Sonu Sood,Sonal Chauhan
912,Zayed Khan,Dia Mirza,Cyrus Sahukar,Tisca Chopra
913,Sara Arjun,Rajvvir Aroraa,Aditya Banerjee,Mukesh Bhatt
914,Vinay Pathak,Lara Dutta,Yana Gupta,Akshay Kumar
915,Sanjay Mishra,Zakir Hussain,Lilliput,Rupali Ganguly
916,Tia Bajpai,Krishna Bhatt,Mimoh Chakraborty,Nikita Janjani
917,Ashutosh Rana,Divya Dutta,Rajit Kapoor,Yashpal Sharma
918,Kainaz Motivala,Rajkummar Rao,Rajat Kaul,Janice
919,Akshay Kumar,Pitobash,Sonakshi Sinha,Imran Khan
920,Jatin Khurana,Noopur Patwardhan,Akansha,Sahil Vaid
921,Rajpal Yadav,Johnny Lever,Divya Dutta,Jaikumar Banotia
922,Pankaj Berry,Abhay Joshi,Jyoti Joshi,Abhijeet Leheri
923,Mohsin,Muzzi,Shilpa Shukla,Luna
924,Vipinno,Madhavi Sharma,Sarvar Ahuja,Vivek Shaq
925,Gaurav Chopra,Zeenal Kamdar,Rajesh Khattar,Rohit Khuranna
926,Harish Raj,Meghana Mudiyam,Srinivasa Prabhu,Lakshmi Chandrashekar
927,Sonali Kulkarni,Sanjay Mishra,Rakesh Bedi,Krishna Bhatt
928,Sendhil Ramamurthy,Tusshar Kapoor,Nikhil Dwivedi,Preeti Desai
929,Akash,Avinash,Gagan,Hithaishaini
930,Gunjan Bakshi,Snehal Dabi,Milind Gunaji,Ehsan Khan
931,Asrani,Avtar Gill,Gurpreet Guggi,Greg Heffernan
932,Riya Bamniyal,Bumpy,Sreejita De,Shraddha Kapoor
933,Jacqueline Fernandez,Yana Gupta,Emraan Hashmi,Amardeep Jha
934,Beena Banerjee,Sunny Deol,Farida Jalal,Raza Murad
935,Seema Biswas,,,
936,Raayo S. Bakhirta,Nushrat Bharucha,Padam Bhola,Sonalli Sehgal
937,Anirudh Agarwal,Puja Ballutia,Sammir Dattani,Dunger
938,Imran Khan,Vir Das,Kunaal Roy Kapur,Shenaz Treasury
939,Malaika Arora,Suresh Chatwal,Gajendra Chouhan,Anant Jog
940,Lillete Dubey,Satyajeet Dubey,Ali Fazal,Manoj Joshi
941,Raj Singh Arora,Gaurav Bajaj,Kalpana Bora,Kishore Chougule
942,Vinay Pathak,Kay Kay Menon,Minissha Lamba,Rukhsar
943,Rajeev Khandelwal,Soha Ali Khan,Mrinalini Sharma,Mohan Kapoor
944,Shefali Shetty,Om Puri,Rahul Bose,Neetu Chandra
945,Rati Agnihotri,Shweta Bhardwaj,Gulshan Grover,Manoj Joshi
946,Vivek Sudershan,Sayali Bhagat,Ronnaoq Ahuja,Chari Asopa
947,Ajay Devgn,Kajal Agarwal,Prakash Raj,Sonali Kulkarni
948,Raj Singh Chaudhary,Radhika Apte,Sandeep Kulkarni,Prateeksha Lonkar
949,Kareena Kapoor,Arjun Rampal,Randeep Hooda,Shahana Goswami
950,Vidya Balan,Emraan Hashmi,Tusshar Kapoor,Naseeruddin Shah
951,Manoj Bajpayee,Richa Chadda,Nawazuddin Siddiqui,Tigmanshu Dhulia
952,Ranveer Singh,Anushka Sharma,Parineeti Chopra,Dipannita Sharma
953,Asrani,Amit Behl,Krishna Bhatt,Raja Bherwani
954,Aryeman Ramsay,Sayali Bhagat,Sharat Saxena,Archana Puran Singh
955,Dharmendra,Vinod Khanna,Rishi Kapoor,Farooq Shaikh
956,Sahil Mehta,Mannat Ravi,Vikas Katyal,Priyam Galav
957,Tara Sharma,Makrand Shukla,Rajendra Chawla,Rinku Patel
958,Deven Bhojani,Makrand Deshpande,Vinay Jain,Farida Jalal
959,Raghuvir Yadav,Neha Dhupia,Aman Verma,Nassar Abdulla
960,Akshay Kumar,Asin,John Abraham,Jacqueline Fernandez
961,Gracy Singh,Siddharth Koirala,Raghuvir Yadav,Vijay Raaz
962,Bruna Abdullah,John Abraham,Shekhar Bassi,Peter Brown
963,Preity Zinta,Isabelle Adjani,Gaurav Chanana,Fanny Carbonnel
964,Javed Abedi,Anand Abhyankar,Adityansh,Lalit Agarwal
965,John Abraham,Genelia D'Souza,Raj Babbar,Mohnish Bahl
966,Rannvijay Singh,Madhurima Banerjee,Prashant Raj,Ashmit Patel
967,Vega Tamotia,Ntasha Bhardwaj,Maanvi Gagroo,Aanchal Sabharwal
968,Jimmy Shergill,Arbaaz Khan,Nauheed Cyrusi,Sharat Saxena
969,Nishan Nanaiah,Sunny Hinduja,Girija Oak,Ishita Sharma
970,Rohit G. Banawlikar,Deepak Dobriyal,Ajay Gehi,Mahie Gill
971,Rajan Verma,Sudesh Berry,Arun Bakshi,Sandip Munde
972,Apoorva Arora,Apporva Arora,Tanvi Azmi,Delzad Hiwale
973,Ila Arun,Anang Desai,Zakir Hussain,Satish Kaushik
974,Salman Khan,Katrina Kaif,Ranvir Shorey,Girish Karnad
975,Mohan Agashe,Kasturi Banerjee,Roshni Chopra,Rajneesh Duggal
976,Anupam Kher,Ritesh Deshmukh,Rohit Shetty,Tusshar Kapoor
977,Siddharth Kher,Sachin Khedekar,Dalip Tahil,Nagesh Bhonsle
978,Isha Koppikar,Raj Arjun,Manish Wadhwa,Pradeep Singh Rawat
979,Rajesh Bhardwaj,Sanjana Tiwari,Priyanka,Mahender Singh Bist
980,Sachiin Joshi,Candice Boucher,Arya Babbar,Samy Gharbi
981,Tusshar Kapoor,Shreyas Talpade,Minissha Lamba,Mantra
982,Naresh Kaura,Ankita Bhargava,Jackie Shroff,Avtar Gill
983,Ayesha Takia,Rannvijay Singh,Raghuvir Yadav,Tanvi Azmi
984,Birbal,Pushkar Jog,Ranjeeta Kaur,Neelu Kohli
985,Saqib Saleem,Saba Azaad,Nishant Dahiya,Tara D'Souza
986,Shahbaaz Khan,Sushmita Mukherjee,Erik A. Nanda,Ritika Shah
987,Vijay Raaz,Manu Rishi Chadha,Rajendranath Zutshi,Vishwajeet Pradhan
988,John Abraham,Chitrangda Singh,Prachi Desai,Mini Mathur
989,Ali Zafar,Aditi Rao Hydari,Candice Pereira,Scherrikar Bell
990,Abhijeet,Rucha Gujrati,Manisha Kelkar,Nassar Abdulla
991,Neil Nitin Mukesh,Ameesha Patel,Puja Gupta,Jatin Grewal
992,Manoj Bajpayee,Hrishitaa Bhatt,Vijay Raaz,Govind Namdeo
993,Kiron Kher,Kanwaljit Singh,Jackie Shroff,Anju Mahendru
994,Emraan Hashmi,Abhay Deol,Prasenjit Chatterjee,Kalki Koechlin
995,Randeep Hooda,Mahie Gill,Jimmy Shergill,Shreya Narayan
996,Akshay Kumar,Sonakshi Sinha,Nasser,Paresh Ganatra
997,Ranbir Kapoor,Priyanka Chopra,Ileana,Saurabh Shukla
998,Anand Tiwari,Rajat Kapoor,Sita Spada,Dadhi Raj
999,Arjun Rampal,Chitrangda Singh,Vipin Sharma,Mithun Rodwittiya
1000,Anupam Kher,Sanjay Dutt,Juhi Chawla,Rati Agnihotri
1001,Chirag Paswan,Kangana Ranaut,Neeru Bajwa,Sagarika Ghatge
1002,Imran Khan,Anushka Sharma,Pankaj Kapur,Lekha Washington
1003,Shubh,Pratik Katare,Harsh Parekh,Chitrak Bandyopadhyay
1004,Deepika Padukone,Shah Rukh Khan,Satyaraj,Nikitin Dheer
1005,Salman Khan,Sonakshi Sinha,Prakash Raj,Vinod Khanna
1006,Sunny Gill,Simran Kaur Mundi,Alyy Khan,Achint Kaur
1007,Sharman Joshi,Boman Irani,Ritwik Sahore,Paresh Rawal
1008,Prateik,Amy Jackson,Sachin Khedekar,Manu Rishi Chadha
1009,Ritesh Deshmukh,Genelia D'Souza,Om Puri,Tinnu Anand
1010,Manoj Bajpayee,Arjan Bajwa,Tia Bajpai,Yashpal Sharma
1011,Hrishitaa Bhatt,Anuj Sawhney,,
1012,Emraan Hashmi,Bipasha Basu,Esha Gupta,Manish Chaudhary
1013,Aman Verma,Shweta Menon,Rinku Ghosh,Roop Kumar Rathod
1014,Rati Agnihotri,Mohnish Bahl,Nazia Hussain,Farida Jalal
1015,Mithun Chakraborty,Ranjeeta Kaur,Sajid Ali,Supriya Karnik
1016,Akshay Kumar,Asin,Raj Babbar,Vipin Bakshi
1017,Deepika Padukone,Saif Ali Khan,Randeep Hooda,Boman Irani
1018,Sidharth Malhotra,Alia Bhatt,Varun Dhawan,Rishi Kapoor
1019,Shiney Ahuja,Sayali Bhagat,Julia Bliss,Tabrez Khan
1020,Shah Rukh Khan,Katrina Kaif,Anushka Sharma,June Smith
1021,Ranbir Kapoor,Deepika Padukone,Aditya Roy Kapoor,Kalki Koechlin
1022,Ajay Devgn,Sanjay Dutt,Sonakshi Sinha,Juhi Chawla
1023,Sridevi,Adil Hussain,Mehdi Nebbou,Priya Anand
1024,Trimala Adhikari,Abhay Joshi,Ashish Kumar,Kumud Mishra
1025,Shweta Bhardwaj,Reetu Jain,Arbaaz Ali Khan,Ravi Kishan
1026,Bidita Bag,Ronjini Chakraborty,Sabyasachi Chakraborty,Prateek Chakravorty
1027,Amitabh Bachchan,Rana Daggubati,Sanjay Dutt,Nathalia Kaur
1028,Kunal Kapoor,Huma Qureshi,Vinod Nagpal,Rajesh Sharma
1029,Usha Bachani,Hazel Croney,Pablo Gonzalez,Patrick Haider
1030,Kavin Dave,Kurush Deboo,Boman Irani,Daisy Irani
1031,Mohit Baghet,Sahaj Bradoria,Mugdha Godse,Shalin Gupta
1032,Himanshu Bhatt,Roy Radhika,Akkash Basnet,Rashmi Gautam
1033,Khan Jahangir Khan,Anant Mahadevan,Navni Parihar,Chandan Sanyal
1034,Anand Balraj,Sudesh Berry,Kishore Anand Bhanushali,Raj Singh Chaudhary
1035,Kanika Batra,Gulshan Grover,Rohiet Nair,Sameer Kevin Roy
1036,Rana Jung Bahadur,Mukul Dev,Harish,Farida Jalal
1037,Bipasha Basu,Helen,Pradeep Kharab,Madhavan
1038,Narayan Singh Sisodia,Kuldeep Chaturvedi,Payal Kumawat,Naveen Jinger
1039,Aditya Roy Kapoor,Shraddha Kapoor,Shaad Randhawa,Salil Acharya
1040,Abishek Anand,Zakir Hussain,Darshan Jariwala,Vidya Malvade
1041,Swara Bhaskar,Reema Debnath,Saurabh Dubey,Hritu
1042,Kanwaljit Singh,Yashpal Sharma,Malay Chakrabarty,Brijendra Kala
1043,Asif Basra,Digvijay Deshmukh,Manav Kaul,Amrita Puri
1044,Malini Awasthi,Sandeep Bose,Amyra Dastur,Makrand Deshpande
1045,Deepika Padukone,Ranveer Singh,Supriya Pathak,Sharad Kelkar
1046,Barun Sobti,Shenaz Treasury,Kavi Shastri,Danny Sura
1047,Tia Bajpai,Brijendra Kala,Prashaant Kumar,Vipin Sharma
1048,Vicky Ahuja,Tia Bajpai,Sharad Kelkar,Vidya Malvade
1049,Anisa Butt,Ali Fazal,Gulshan Grover,Razzak Khan
1050,Sharman Joshi,Negar Khan,Nigaar Khan,Manish Nagpal
1051,Farooq Shaikh,Deepti Naval,Swara Bhaskar,Amala Akkineni
1052,Ranveer Singh,Sonakshi Sinha,Adil Hussain,Vikrant Massey
1053,Sidhant Kapur,Iris Maity,Suzanna Mukherjee,Nikhil Sabharwal
1054,Randeep Hooda,Sunny Leone,Arunoday Singh,Junayeed Bin Fakhrul
1055,Paresh Rawal,Rajeev Khandelwal,Tina Desai,Dhruv Ganesh
1056,Sunil Shetty,Udita Goswami,Rajpal Yadav,Mukesh Ahuja
1057,Habeeb Aidroos,Zarine Ali,Madhulagna Das,Faheem Ul Haq
1058,Habib Aazmi,Priya Annatram,Pravin Baby,Mahesh Balraj
1059,Asrani,Mahesh Manjrekar,Anjan Srivastav,Ashish Vidyarthi
1060,Omkar Das Manikpuri,Ashish Patil,Pitobash,Amit Purohit
1061,Hemant Pandey,Sumeet Sharma,Sumeet Sharma,Aakshi Khari
1062,Manish Chaudhary,Kunal Khemu,Amrita Puri,Teeshay Shah
1063,Vidya Balan,Emraan Hashmi,Parvin Dabas,Rajesh Sharma
1064,Vickrant Mahajan,Kainaz Motivala,Prem Chopra,Deepak Arora
1065,Sanjay Amar,Asrani,Neelima Azim,Aamir Bashir
1066,Rani Mukerji,Prithviraj Sukumaran,Nirmiti Sawant,Subodh Bhave
1067,Emraan Hashmi,Aditya Pancholi,Sagarika Ghatge,Neha Dhupia
1068,Kavin Dave,Shailesh Hejmady,Bikramjeet Kanwarpal,Sumit Kaul
1069,Imran Khan,Kareena Kapoor,Nizhalgal Ravi,Anupam Kher
1070,Kareena Kapoor,Amitabh Bachchan,Ajay Devgn,Arjun Rampal
1071,Asrani,Madhurima Banerjee,Shakti Kapoor,Pratima Kazmi
1072,Rajesh Khanna,Aryeman Ramsay,Raza Murad,Aryan Vaid
1073,Arjun Rampal,Abhay Deol,Manoj Bajpayee,Esha Gupta
1074,Ravi Kishan,Manish Vatsalya,Yashpal Sharma,Rahul Kumar
1075,John Abraham,Kangana Ranaut,Anil Kapoor,Vineet Sharma
1076,Subhash Ahuja,Syna Anand,Raman Atre,Rajat Bhalla
1077,Arjun Kapoor,Parineeti Chopra,Gauhar Khan,Anil Rastogi
1078,Divya Divedi,Sana Govil,Jawahar Jairath,Vishal Kaushik
1079,Kareena Kapoor,Ajay Devgn,Anupam Kher,Yo Yo Honey Singh
1080,Paoli Dam,Nikhil Dwivedi,Gulshan Devaiah,Saurabh Dubey
1081,Sunidhi Chauhan,Ettienne Couthino,Devansh Doshi,Saptharishi Ghosh
1082,Nikhil Dwivedi,Richa Chadda,Mahesh Balraj,Kislaya Dwivedi
1083,Ayushmann Khurrana,Yami Gautam,Annu Kapoor,Dolly Ahluwalia
1084,Manisha Kelkar,Arshad Khan,Ashish Kotwal,Aditya Om
1085,Mohammed Zeeshan Ayyub,Viren Basoya,Manish Chaudhary,Esha Gupta
1086,Prabhudheva,Ganesh Acharya,Kay Kay Menon,Lauren Gottlieb
1087,Manoj Bajpayee,Harish Bhimani,Neetu Chaudhary,Juhi Chawla
1088,Saqib Saleem,Rhea Chakraborty,Ram Kapoor,Prabal Panjabi
1089,Kay Kay Menon,Ranvir Shorey,Pradhuman Singh,Neha Bhasin
1090,Rani Agrawal,Frank M. Ahearn,Suzanne Bernert,Sudha Chandran
1091,Deepak Dobriyal,Priya Bhatija,Anshul Kataria,Paru Uma
1092,Aamir Khan,Anushka Sharma,Sanjay Dutt,Boman Irani
1093,Mohan Agashe,Arya Babbar,Neha Dhupia,Rajendra Gupta
1094,Ayushmann Khurrana,Kunaal Roy Kapur,Pooja Salvi,Gaelyn Mendonca
1095,Barkha Bisht,Balaji Iyer,Raghavendra Kadkol,Sachin Khedekar
1096,Ajay Devgn,Tamannaah Bhatia,Mahesh Manjrekar,Paresh Rawal
1097,Ashok Banthia,Sudesh Berry,Yuvika Chaudhry,Prashant Narayanan
1098,Pulkit Samrat,Rajesh Bakshi,Wamiqa Gabbi,Amita Pathak
1099,Irrfan Khan,Nimrat Kaur,Nawazuddin Siddiqui,Lillete Dubey
1100,Shona Chabra,Raja Hasan,Akash Hora,Mann Hora
1101,Rahul Bairagi,Dhanshree Jain,Arbaaz Khan,Salman Khan
1102,Shahid Kapoor,Priyanka Chopra,Prachi Desai,Neha Sharma
1103,Farhan Akhtar,Sonam Kapoor,Pavan Malhotra,Art Malik
1104,Jacky Bhagnani,Nidhi Subbaiah,Darshan Jariwala,Kiron Kher
1105,Ram Charan,Priyanka Chopra,Sanjay Dutt,Prakash Raj
1106,Shruti K. Haasan,Girish Taurani,Randhir Kapoor,Sonu Sood
1107,'Chiyaan' Vikram,Neil Nitin Mukesh,Vinay Virmani,Tabu
1108,Dhanush,Sonam Kapoor,Mohammed Zeeshan Ayyub,Swara Bhaskar
1109,Farooq Shaikh,Sarika,Raghuvir Yadav,Satish Shah
1110,Raj Babbar,Mahie Gill,Mugdha Godse,Rajiv Gupta
1111,Sagar Bhangade,Mukesh Bhatt,Vipul Bhatt,Manmeet Dhanjal
1112,Shahid Kapoor,Sonakshi Sinha,Sonu Sood,Ashish Vidyarthi
1113,Salman Khan,Jacqueline Fernandez,Nawazuddin Siddiqui,Randeep Hooda
1114,Arjun Kapoor,Alia Bhatt,Amrita Singh,Revathy
1115,Akshay Kumar,Kajal Agarwal,Manoj Bajpayee,Jimmy Shergill
1116,Kiran Bhatia,Yaman Chatwal,Maanvi Gagroo,Chirag Jain
1117,Harish Chabbra,Tannishtha Chatterjee,Parvin Dabas,Rajendra Gupta
1118,Asha Bhosle,Kshitee Jog,Shivani Joshi,Ram Kapoor
1119,Jaideep Ahlawat,Bipasha Basu,Padam Bhola,Darshan Jariwala
1120,Chandan Roy Sanyal,Arfi Lamba,Kumar Mayank,Sonia Bindra
1121,Vivek Oberoi,Mallika Sherawat,Neha Dhupia,Anshuman Jha
1122,Parimal Aloke,Paru Gambhir,,
1123,Yuddvir Bakolia,Ila Arun,Anjan Srivastav,Sachin Khedekar
1124,Akash,Shilpa Anand,Karan Mehra,Tripta Parashar
1125,Neil Nitin Mukesh,Sonal Chauhan,Himani Chauhan,Devraj Das
1126,Frank M. Ahearn,Ramnita Chaudhry,Preeti Chauhan,Divya Dutta
1127,J.D. Chakravarthi,Nitin Jadhav,Manisha Koirala,Madhu Shalini
1128,Emraan Hashmi,Konkona Sen Sharma,Kalki Koechlin,Huma Qureshi
1129,Tinnu Anand,Raj Babbar,Akash Chopra,Shakti Kapoor
1130,Nushrat Bharucha,Kiran Kumar,Gautam Mehra,Sunny Singh Nijjar
1131,Randeep Hooda,Aditi Rao Hydari,Sara Loren,Rajesh Shringarpore
1132,Nafisa Ali,Simer Motiani,Bajrangbali Singh,Navdip Singh
1133,Saif Ali Khan,Kunal Khemu,Vir Das,Anand Tiwari
1134,Sunny Deol,Amrita Rao,Urvashi Rautela,Prakash Raj
1135,Kangana Ranaut,Prakash Raj,Mahesh Manjrekar,Paras Arora
1136,Shah Rukh Khan,Deepika Padukone,Vivaan Shah,Kareena Kapoor
1137,Ritesh Deshmukh,Vivek Oberoi,Aftab Shivdasani,Suresh Menon
1138,Dharmendra,Sunny Deol,Bobby Deol,Neha Sharma
1139,Mohammed Zeeshan Ayyub,Ashok Banthia,Devender Chaudhary,Manish Chaudhary
1140,Akshay Kumar,Sonakshi Sinha,Freddy Daruwala,Sumeet Raghvan
1141,Ishrat Ali,Nishant Balgovind,Sayali Bhagat,Puja Bose
1142,Akshay Kumar,Shiv Pandit,Mithun Chakraborty,Ronit Roy
1143,Madhuri Dixit,Juhi Chawla,Divya Jagdale,Priyanka Bose
1144,Ranveer Singh,Arjun Kapoor,Priyanka Chopra,Irrfan Khan
1145,Ranbir Kapoor,Pallavi Sharda,Rishi Kapoor,Neetu Singh
1146,Aadil Abedi,Catherine Fallows,Kiran Gadalay,Raghuvardhan Garlapati
1147,Sunny Leone,Saahil Prem,Parvin Dabas,Sandhya Mridul
1148,Nivedita Bhattacharya,Devyani,Shailesh Hejmady,Neha Iyyer
1149,Shradha Das,Eijaz Khan,Ravi Kishan,Atul Mathur
1150,Vikas Anand,Sweety Chhabra,Farida Dadi,Raja Duggal
1151,Rati Agnihotri,Neelima Azim,Rohit Bakshi,Vishal Bhosle
1152,Shahid Kapoor,Ileana,Padmini Kolhapure,Mukesh Tiwari
1153,Arshad Warsi,Amrita Rao,Boman Irani,Saurabh Shukla
1154,Zakir Hussain,Nasser,Vivek Oberoi,Neha Sharma
1155,Sarita Joshi,Purab Kohli,Mita Vasisht,Rajendranath Zutshi
1156,Rekha,Sharman Joshi,Randhir Kapoor,Anupam Kher
1157,Benjamin Gilani,Luke Kenny,Kirti Kulhari,Ashwin Mushran
1158,Nana Patekar,Atul Kulkarni,Ganesh Yadav,Ferzad Jehani
1159,Naseeruddin Shah,Madhuri Dixit,Arshad Warsi,Huma Qureshi
1160,Naveen Kasturia,Mayank Tewari,Aditi Vasudev,Karan Mirchandani
1161,Aparna Bajpai,Karanvir Bohra,Joe Debroy,Veena Malik
1162,Naseeruddin Shah,Randeep Hooda,Taran Bajaj,Harsh Chhaya
1163,Jacky Bhagnani,Priya Anand,Rajpal Yadav,Amitosh Nagpal
1164,Ali Zafar,Yami Gautam,Anupam Kher,Kiron Kher
1165,Salman Khan,Ileana,Anupam Kher,Varun Dhawan
1166,Annu Kapoor,Anupam Maanav,Saranya Mohan,Nishan
1167,Manish Paul,Dean Alexandrou,Elli Avram,Varun Badola
1168,Rani Mukerji,Randeep Hooda,Saqib Saleem,Nawazuddin Siddiqui
1169,Jigna Bhardwaj,Chutki,Kaustav Ghosh,Rajesh Kava
1170,Arjun Kapoor,Prithviraj Sukumaran,Jackie Shroff,Rishi Kapoor
1171,Priya Anand,Richa Chadda,Kapil Dubey,Ali Fazal
1172,Divya Dutta,Arbaz Kadwani,Taaha Shah,Doorva Tripathi
1173,Hussain Kuwajerwala,Paresh Ganatra,Rio Kapadia,Shivani Tanksale
1174,Tusshar Kapoor,Vinay Pathak,Ranvir Shorey,Vishakha Singh
1175,John Abraham,Nargis Fakhri,Rashi Khanna,Avijit Dutt
1176,Sanjai Mishra,Vishwa S. Badola,Ranjan Chhabra,Zakir Hussain
1177,Sanjay Dutt,Prachi Desai,Prakash Raj,Om Puri
1178,Rhea Chakraborty,Ali Fazal,Smita Jaykar,Raghav Juyal
1179,Arshad Warsi,Soha Ali Khan,Rajesh Balwani,Geeta Basra
1180,Hrithik Roshan,Katrina Kaif,Pavan Malhotra,Danny Denzongpa
1181,Mohinder Gujral,Yuvraj Haral,Vijayant Kohli,Neha Pawar
1182,Tisca Chopra,Paoli Dam,Arjun Mathur,Kay Kay Menon
1183,Swati Aggarwal,Arya Babbar,Kurush Deboo,Adi Irani
1184,Mimoh Chakraborty,Mithun Chakraborty,Yuvika Chaudhry,Zakir Hussain
1185,Asrani,Arun Bakshi,Dinesh Hingoo,Preeti Jain
1186,Abhay Deol,Preeti Desai,Lillete Dubey,Rati Agnihotri
1187,Wamiqa Gabbi,Izabelle Liete,Mehak Manwani,Highphill Mathew
1188,Vibha Chhibber,Ram Kapoor,Satish Kaushik,Gulfam Khan
1189,Akshay Kumar,Tamannaah Bhatia,Johnny Lever,Prakash Raj
1190,Alia Bhatt,Randeep Hooda,Durgesh Kumar,Arjun Malhotra
1191,Sushant Singh Rajput,Parineeti Chopra,Vaani Kapoor,Rishi Kapoor
1192,Siddharth Gupta,Simran Kaur Mundi,Pallavi Batra,Roopa Ganguly
1193,Priyanka Chopra,Zachary Coffin,Darshan Kumaar,Darshan Kumar
1194,Tinnu Anand,Mahesh Balraj,Mithilesh Chaturvedi,Vir Das
1195,Saif Ali Khan,Ileana,Kalki Koechlin,Ranvir Shorey
1196,Soha Ali Khan,Zakir Hussain,Seema Biswas,Mukesh Tiwari
1197,Vicky Ahuja,Ajaz Khan,Maarisha,Javed Rizvi
1198,Saif Ali Khan,Ritesh Deshmukh,Ram Kapoor,Bipasha Basu
1199,Kartik Tiwari,Mishti,Rishi Kapoor,Mithun Chakraborty
1200,Ranbir Chakma,Nikhil Desai,Raj Kesaria,Rohan Khurana
1201,Brijesh Kori,Sapna Choubisa,Shreechand Makhija,Rohit Raj
1202,Anjori Alagh,Karan Ashar,Asif Basra,Seema Biswas
1203,Puneet Singh Ratn,Sharvanand,Anaika Soti,Mahesh Thakur
1204,Santosh Barmola,Jitin Gulati,Manjari Phadnis,Suzana Rodrigues
1205,Tiger Shroff,Kriti Sanon,Parth Akerkar,Anuradha Chandan
1206,Deepika Padukone,Arjun Kapoor,Naseeruddin Shah,Dimple Kapadia
1207,BuAli Shah,Pragathi Yadhati,Adnan Khalid,C. Jenner Jose
1208,Raghuvir Yadav,Zakir Hussain,Yatin Karyekar,Irfan Raza Khan
1209,Shweta Bhardwaj,Gulshan Grover,Adi Irani,Farida Jalal
1210,Sidharth Malhotra,Parineeti Chopra,Adah Sharma,Manoj Joshi
1211,Aparna Bajpai,Ravish Desai,Karan Kundra,Nandini Vaid
1212,Shahbaz Baweja,Umesh Gautam,Nandini Jumani,Ravindra Kale
1213,Nazia Hussain,Salim Khan,Aasad Mirza,Saira Mirza
1214,Satyakam Anand,Aparajit Bhattacharjee,Richa Chadda,Aditi Khanna
1215,Ashrita Agarwal,Arsh Deol,Manoj Joshi,Hemant Pandey
1216,Kangana Ranaut,Vir Das,Zakir Hussain,Jami Jafry
1217,Farhan Akhtar,Vidya Balan,Vir Das,Ram Kapoor
1218,Indrapal Ahuja,Neha Baam,Vikram Dahiya,Rakesh Deewana
1219,Naseeruddin Shah,Sunny Leone,Sachiin Joshi,Bharath Niwas
1220,Nishant Dahiya,Pragya Jaiswal,,
1221,Kangana Ranaut,Rajkummar Rao,Lisa Haydon,Mish Boyko
1222,Rupa Bhimani,Vivaan Bhimani,Parignya Pandya Shah,
1223,Adhyayan Suman,Ariana Ayam,Deepti Naval,Om Puri
1224,Manu Rishi Chadha,Naresh Gosain,Dimple Kapadia,Deepti Pujari
1225,Vidya Balan,Ali Fazal,Mahima A,Abhishek C
1226,Emraan Hashmi,Kangana Ranaut,Sanjay Dutt,Randeep Hooda
1227,Farooq Shaikh,Victor Banerjee,Pavan Malhotra,Indraneil Sengupta
1228,Ranveer Singh,Ali Zafar,Parineeti Chopra,Govinda
1229,Himansh Kohli,Vivek Bhatnagar,Nicole Faria,Gulshan Grover
1230,Tabu,Shahid Kapoor,Shraddha Kapoor,Kay Kay Menon
1231,Aditya Roy Kapoor,Parineeti Chopra,Anupam Kher,
1232,Amitabh Bachchan,Ajay Devgn,Vidya Balan,Sunny Deol
1233,Sahil Anand,Parvin Dabas,Erica Fernandes,Preet Kamal
1234,Jimmy Shergill,Nushrat Bharucha,Arif Zakaria,Asif Basra
1235,Shiv Darshan,Hasleen Kaur,Aham Sharma,Tanya Malik
1236,Pulkit Samrat,Bilal Amrohi,Sarah-Jane Dias,Mandira Bedi
1237,Ayushmann Khurrana,Sonam Kapoor,Rishi Kapoor,Swedha Singh
1238,Mohammed Zeeshan Ayyub,Tarun Dudeja,Emraan Hashmi,Narendra Jetley
1239,Rani Mukerji,Tahir Raj Bhasin,Gautam Babbar,Probir Dutt
1240,Sanjiv Chopra,Chinmay Mandlekar,Suhas Sirsat,Sukhada Yash
1241,Omkar Das Manikpuri,Rajeev Verma,Dev Gohar,Satya Khare
1242,Mahesh Balraj,Bugs Bhargava,Hardik Bothra,Makrand Deshpande
1243,Jacky Bhagnani,Neha Sharma,Farooq Shaikh,Boman Irani
1244,Asif Basra,Anshuman Jha,Yoshika Verma,Amit Sial
1245,Sanjay Chauhan,Jasleen Matharu,Kanwaljeet Matharu,Kesar Matharu
1246,Sharman Joshi,Mahie Gill,Asrani,Parambrata Chatterjee
1247,Amitabh Bachchan,Boman Irani,Parth Bhalerao,Sanjay Mishra
1248,Harman Baweja,Harsh Chhaya,Sunny Deol,Rajit Kapoor
1249,Deepak Dobriyal,Keeya Khanna,Sanjay Mishra,Yashpal Sharma
1250,Ashok Banthia,Rishabh Chaddha,Badrul Islam,Simran Jehani
1251,Jyoti Rana,Shashi Wadia,Tarun Arora,Mahek Chahal
1252,Gajendra Chouhan,Shroff Jackie,Sanjay Kapoor,Sonia Mann
1253,Hritu,Sunny Singh,Gavie Chahal,Arbaaz Ali Khan
1254,Ajay Sinh Rathod,Prachi Sinha,,
1255,Sushant Singh,Surveen Chawla,Jay Bhanushali,Siddharth Kher
1256,Bipasha Basu,Imran Abbas,Mukul Dev,Deepraj Rana
1257,Ramgopal Bajaj,Ajay Bhandari,Barkha Bisht,Priyanshu Chatterjee
1258,Kannan Arunachalam,Vinod Khanna,Roopali Krishnarao,Sunil Shetty
1259,Himesh Reshammiya,Yo Yo Honey Singh,Irrfan Khan,Zoya Afroz
1260,Satish Kaushik,Tanvi Azmi,Vinay Jain,Sharad Ponkshe
1261,Varun Dhawan,Alia Bhatt,Sidharth Shukla,Ashutosh Rana
1262,Rati Agnihotri,Param Baidwaan,Kashika Chopra,Sammy Durrani
1263,Jimmy Shergill,Mohit Marwah,Kiara Advani,Vijender Singh
1264,Rajkummar Rao,Mallhar Goenka,Manav Kaul,Patralekhaa
1265,Armaan Jain,Deeksha Seth,Nikita Dutta,Rohini Hattangadi
1266,Salil Acharya,Kavin Dave,Anindita Nayar,Rannvijay Singh
1267,Sonam Arora,Arun Bakshi,Piyush Bhalodiya,Deepak Bhatia
1268,Akshay Oberoi,Parvathy Omanakuttan,Dipannita Sharma,Arunoday Singh
1269,Saahil Prem,Amrit Maghera,Salah Benlemqawanssa,Akilesh Unnitan
1270,Vir Das,Anindita Nayar,Natasha Rastogi,Kavi Shastri
1271,Anupam Kher,Neha Dhupia,Divyendu Sharma,Manu Rishi Chadha
1272,Akshay Kumar,Lisa Haydon,Rati Agnihotri,Cyrus Broacha
1273,Rajesh Bakshi,Jay Bhanushali,Claudia Ciesla,Akhil Kapur
1274,Manoj Amarnani,Nancy Brunetta,Anokhi Dalvi,Parth Naik
1275,Rati Agnihotri,Mansha Bahl,Rajneesh Duggal,Shubhashree Ganguli
1276,Deepak Chadha,Harshvardhan Deo,Sneha Deori,Vineeta Malik
1277,Shiv Pandit,Piaa Bajpai,,
1278,Mohan Joshi,Shakti Kapoor,Nitika Sharma,Aryan Vaid
1279,Kaivalya Chheda,Rajsekhar Aningi,Avidant Bhagat,Bramha
1280,Manish Choudhary,Suzanna Mukherjee,Poonam Pandey,
1281,Adil Hussain,Ekavali Khanna,Kulbhushan Kharbanda,Sanjay Mishra
1282,Vir Das,Sandeepa Dhar,Rahul Handa,Dimple Kapadia
1283,Shradha Das,Mohan Kapoor,Mannara,Karanvir Sharma
